﻿Concept;Question class;Question type;Question content;Answer;Alternative 1;Alternative 2;Alternative 3;Explanation;Difficulty rating (</= 20)
Credit as a concept;Seed;MC-AOTA;Ezimalini, kuyini isikweletu?;Zonke ezibaliwe;Imali ongakabi nayo;Imali ongayiboleka;Imali omele ukuyikhokha ngokuhamba kwesikhathi;Isikweletu imali ongayiboleka njenge {loan}, noma isikweletu sento ongekwazi ukuyikhokhela ngo {cash} njengendlu, okwazi ukuyibuyisela ngokuhamba kwesikhathi (ehamba nenzalo ngenjwayelo);6
Credit as a concept;Retention;MC;Kuyini igama lemali ongayiboleka?;Isikweletu ({Credit});Isikweletu ({Debt});Iholo;Izindleko;Isikweletu imali ongayiboleka njenge {loan}, noma isikweletu sento ongekwazi ukuyikhokhela ngo {cash} njenge moto, okwazi ukuyibuyisela ngokuhamba kwesikhathi (ehamba nenzalo ngenjwayelo);8
Credit as a concept;Retention;MC;Imali ongakhetha ukuyiboleka uma uyidinga ibizwa ngani? ;Isikweletu ({Credit});Intela;Isikweletu ({Debt});Iholo;Isikweletu ({credit}) imali ongakhetha ukuyiboleka uma ukwazi ukuyibuyisela ngesikhathi esishiwo esivumelwaneni. Uma usuyibolekile leyo mali, iba yisikweletu ({debt});9
Credit as a concept;Retention;MC;Yini igama lomuntu noma ibhizinisi la ongathola khona isikweletu ({credit})?;Umkweletisi;Umboleki;Umniki ntela;i{Accountant};Ngokwenjwayelo, umuntu okunika isikweletu ({credit}) umukweletisi. Umkweletisi engaba {formal} noma ebe {informal}, o{formal} usuke erejistiwe futhi ubizwa nge {{registered credit provider}};10
Credit as a concept;Retention;MC;Iziphi kwezibaliwe ekuyigama eli {formal} lom'kweletisi?;{Credit provider};{Income provider};{Expense provider};{Money provider};Abakweletisi banikana isikweletu ({credit}) esingaba yi {loan} noma inani elithile ongathenga ngalo (kanjenge {account} esitolo sezimpahla). Phecelezi, mkweletisi ubizwa nge {{credit provider}};13
Credit as a concept;Application;T/F;Isikweletu ({credit}) imali ongayiboleka uma ufuna;Iqiniso;Amanga;;;Isikweletu imali ongayiboleka ukuthenga into. Lemali ingaba ngukheshi, noma izoba yisikweletu sento ongakhoni ukuyikhokhela ngokheshi manje manje njenge moto;15
Credit as a concept;Application;T/F;Abakweletisi abantu namabhizinisi ongathola isikweletu ({credit}) kubona;Iqiniso;Amanga;;;Abakweletisi banika abantu izikweletu ({credit}) eziyimali kanjenge {loan} kanye neziyinani ongathenga ngalo izinto esikweletini. Igama elisemthethweni lomkweletisi yi {{credit provider}} phecelezi;16
Credit as a concept;Application;Y/N;Ingabe i{{credit provider}} igama eli {formal} lokubiza umkweletisi?;Yebo;Cha;;;Ama {credit provider} amabhizinisi anika imali esikweletini ({credit}) nama amasevisi kanjengama {credit card} nama {overdraft};16
Credit as a concept;Application;Y/N;Ingabe i{{cash loan}} uhlobo lwesikweletu na?;Yebo;Cha;;;Ziningi izinhlobo zezikweletu ({credit}) kanjengama {credit card}, isikweletu sokuthenga imoto ({vehicle finance}), ama {loan} okukhokhela indlu nezikweletu ezemali phecelezi {cash loan};18
Credit as a concept;Application;MC;Yini kulezi ezijwayele ukuthengwa esikweletini?;Ifenisha;Isinkwa;Upolishi wezinzipho ({nail polish});u{Cold drink};Abantu abaningi bathenga izindlu ngesikweletu se {home loan} ngoba abanayo imali eyanele yokukhokhela indlu manje manje. Kungathatha iminyaka engu 20 ukukhokha sonke isikweletu sendlu;19
Credit as a concept;Seed;MC;Isikweletu esibizwa nge {credit} sihluke kuphi esikweletini esibizwa nge {debt}?;i{Credit} iba yi {debt} uma ususithatha isikweletu;Akuna mehluko;i{Credit} iyizi nenzalo;i{Debt} ayizi nenzalo;i{Credit} ne {debt} kucishe kufane. i{Credit} imali ongakhona ukuyiboleka, bese uma uyithatha leyo mali iba yisikweletu osikweletayo esibizwa nge {debt}. i{Debt} ibala inzalo;5
Credit as a concept;Retention;MC;Imali oyikweletayo ibizwa ngani?;{Debt};{Credit};Intela;Iholo;Ezimalini, isikweletu ({debt}) imali oyikweletayo kumuntu noma kuyinkampani. Uma izikweletu zakho ({debt}) zincane, unamathuba amakhudlwana okuba ne {financial security};8
Credit as a concept;Retention;MC;Imali oyikweletayo emveni kokuthatha isikweletu ibizwa ngani?;{Debt};{Credit loan};Intela yeholo;Iholo ekuyi {net salary};i{Credit} ne {debt} kucishe kufane. i{Credit} imali ongakhona ukuyiboleka, bese uma uyithatha leyo mali iba yisikweletu osikweletayo esibizwa nge {debt}. i{Debt} ibala inzalo;10
Credit as a concept;Retention;MC;Ukuthola isikweletu ebhange noma esitolo esihloniphekile, kumele wenze ini kuqala?;Uyasi {apply}ela;Uthola i{interview};Ubhala i{exam};Kumele wazi abantu;Umkweletisi ohloniphekile (ikakhulu orejistile ekubeni yi {NCA credit provider}) uzobheka ukuthi ungakwazi yini ukukhokhela isikweletu ngemuva kokukunika isivumelwano;12
Credit as a concept;Application;T/F;Imali osuyibolekile isikweletu se {debt};Iqiniso;Amanga;;;i{Credit} ne {debt} kucishe kufane. i{Credit} imali ongayiboleka, bese uma uyithatha leyo mali iba yisikweletu osikweletayo phecelezi i{debt} la okungena khona izinazlo;15
Credit as a concept;Application;T/F;i{Credit} imali osuyibolekile;Amanga;Iqiniso;;;Isikweletu okiyi {credit} imali okhetha ukuyiboleka kuze ukhokhele into engekwazi ukuyikhokhela kulowo mzuzu, be i{debt} kuba yisikweletu osusibolekile osikweletayo;17
Credit as a concept;Application;T/F;Ungathola i{credit} eningi kumkweletisi ngisho ungenalo iholo;Amanga;Iqiniso;;;Umkweletisi ohloniphekile (ikakhulu orejistile ekubeni yi {NCA credit provider}) uzobheka ukuthi ungakwazi yini ukukhokhela isikweletu ngemuva kokukunika isivumelwano uma uzokhona ukusikhokhela;18
Credit as a concept;Seed;MC;Kuyini isizathu sokuthatha isikweletu?;Ukuthola into manje uyikhokhe ngesikhathi;Ukuthola izinto mahala;Ukubonisa ukwazisa;Ukuthenga izinto kuyi {internet};i{Credit} imali esetshenziswa ngabantu uma bengenayo imali eyanele bebodwa. Lemali ingaba yisivumelwano sokukhokhela into oyifunayo, i{revolving credit}, kanye {loan} es'khathini esivunyelwene;2
Credit as a concept;Retention;MC;Yini kulezi ejwayele ukuthengwa ngesikweletu?;Imoto;u{Chocolate};Iphepha lezindaba;u{Ice}-{cream};i{Credit} ijwayele ukusetshenziselwa izinto ezinkulu ezibizayo kanjengendlu nemoto. Izinto ezincane zijwayele ukuthengwa ngemali onayo;8
Credit as a concept;Retention;MC;Yini kulezi ejwayele ukuthengwa ngesikweletu?;Indlu;u{Chocolate};Iphepha lezindaba;u{Ice}-{cream};i{Credit} ijwayele ukusetshenziselwa izinto ezinkulu ezibizayo kanjengendlu nemoto. Izinto ezincane zijwayele ukuthengwa ngemali onayo;10
Credit as a concept;Retention;MC-AOTA;Yini kulezi ekuyisibonela sesikweletu ekuyi {credit}?;Zonke ezibaliwe;i{Personal loan};i{Home loan};i{Account} yezimpahla;Uma uthola into oyikhokhela kancane kancane ngokuhamba kwesikhathi, ungena esivumelwaneni sesikweletu futhi ujwayele ukukhokha inzalo;11
Credit as a concept;Application;T/F;Ungathola i{credit} uma une {credit card} kuphela;Amanga;Iqiniso;;;Ama {credit card} aluhlobo lwesikweletu se {credit}. Ungafaka isicelo sezikweletu ezingasiwo ama {credit card} kuphela, kanjenge {loan} noma i{account} esitolo sezimpahla;16
Credit as a concept;Application;T/F;Njalo uma uthenga ngesikweletu usuke uboleka imali;Iqiniso;Amanga;;;i{Credit} ne {debt} kucishe kufane. i{Credit} imali ongayiboleka, bese uma uyithatha leyo mali iba yisikweletu osikweletayo phecelezi i{debt} la okungena khona izinzalo;20
Credit as a concept;Seed;MC;Uma ufuna ukuthenga into manje uyikhokhela ngesinye isikhathi, ungenza ini?;Ungayithenga ngesikweletu;Unga aplayela i{debt};Ungafuna isaphulelo;Ungatshontsha;i{Credit} inika abantu indlela yokuthenga izinto abazifunayo ngaphandle kokukhokha yonke imali ngesikhathi sinye. Lemali bengayikhokha ngokuhambha kwesikhathi ngesivumelwano size siphele isikweletu;3
Credit as a concept;Retention;MC;Yini kwezibhaliwe echaza ukuthenga ngesikweletu?;Ukukhokha ngesikhathi esithile;Ukukhokha manje;Ukungakhokhi;Ukukhokha kancane;i{Credit} inika abantu indlela yokuthenga izinto abazifunayo ngaphandle kokukhokha yonke imali ngesikhathi sinye. Lemali bengayikhokha ngokuhambha kwesikhathi ngesivumelwano size siphele isikweletu;8
Credit as a concept;Retention;T/F;Uma uthenga imoto nge {vehicle finance}, uyithenga ngesikweletu;Iqiniso;Amanga;;;Uma uthenga imoto ({finance a car}), umkweletisi noma i{bank} liyayithenga imoto liyinike wena bese wena ukhokhela bona uze usiqede leso sikweletu ngesikhathi sesivumelwano;8
Credit as a concept;Retention;T/F;Uma uthatha i{home loan}, uthenga indlu/i{flat} ngesikweletu;Iqiniso;Amanga;;;Uma uthola i{home loan}, umkweletisi okuyi {bank} noma indawo ye {finance}, uthenga leyo moto bese wena uyamukhokhela uze uqede ukukhokha ngesikhathi;10
Credit as a concept;Retention;T/F;Uma usebenzisa i{account} yasesitolo ukuthenga izicathulo ezintsha, uzithenga ngesikweletu;Iqiniso;Amanga;;;Ama {account} ezitolo anika abantu indlela yokuthenga bengenayo imali ngaleso sikhathi. Lolu uhlobo le {revolving credit} kanjenge {credit card};13
Credit as a concept;Application;T/F;Uma uthenga ngesikweletu, ugcina ukhokhe kakhulu kunenani laleyonto;Iqiniso;Amanga;;;Uma uqeda ukukhokhela into oyithenge ngesikweletu, uzothola ukuthi ukhokhe imali eningi kunenani laleyonto. Isizathu ukuthi abakweletisi bafaka inzalo ukukweletisa;15
Credit as a concept;Seed;T/F;Kumele uthathe isikweletu uma ukwazi ukusikhokhela;Iqiniso;Amanga;;;Ukuthatha isikweletu kungaba yinto elungile ukuzithuthukisa empilweni uthole izinto ongakhoni ukuzithola ngesikhathi esithile. Kungaba yingozi kodwa uma ukweleta kakhulu ungasakhoni ukukhokha;3
Credit as a concept;Retention;MC;Yini kwezibhaliwe echaza ukunika abantu izikweletu uma bekwazi ukuzikhokhela?;i{Responsible lending};i{Silly lending};Isikweletu esibi;Ukukweletisa {sharp};Abakweletisi, kakhulu ababhalisiwe, kumele beqiniseke ukuthi umuntu okweletayo engakwazi ukukhokha imali yesikweletu. Lokhu kubizwa ngokubolekisa nomthwalo wemfanelo ({responsible lending});8
Credit as a concept;Retention;MC;Uma uthola isikweletu ongakwazi ukusikhokha kubizwa ngani?;{Irresponsible lending};{Responsible lending};{Strange lending};{Smart lending};Ukukweletisa imali okungekho {responsible} ukunika abantu izikweletu ungabi nendaba ukuthi bayakhona yini ukukhokha leyo mali abayikweletayo nokuthi bazoba {stuck} ezikweletini;9
Credit as a concept;Retention;MC;Elinye igama elisho ukubolekisa ebantwini abangakwazi ukukhokha yiliphi?;{Reckless lending};{Extreme lending};{Wild lending};{Smart lending};Isivumelwano sesikweletu la umuntu engakhoni ukukhokha isikweletu kahle nje kusuka ukubolekisa okuyi {reckless lending}. i{Reckless lending} ifaka abantu ezikweletini abangeke bekwazi ukuphuma kuzo;12
Credit as a concept;Application;T/F;Ukuboleka okubizwa nge {reckless spending} kwenzeka uma umkweletisi enika abantu izikweletu bengekuzikhona?;Iqiniso;Amanga;;;Isivumelwano sesikweletu la umuntu engakhoni ukukhokha isikweletu kahle nje kusuka ukubolekisa okuyi {reckless lending}. i{Reckless lending} ifaka abantu ezikweletini abangeke bekwazi ukuphuma kuzo;15
Credit as a concept;Application;MC;Ibaphi kulaba abangarejistile njengomkweletisi ({registered credit provider});Umashonisa;Ibhange;Isitolo sezimpahla;i{Network} yocingo;oMashonisa banika izikweletu ezingahlelekile ({informal}) futhi abarejistanga ukukweletisa imali. Ukubolekisa imali ungarejistanga akukho emthethweni, ngokusho kwe {National Credit Act} ka 2005;16
Credit as a concept;Application;Y/N;Kumele umuntu ekutshene ukuthi thatha i{loan} ngisho ungekwazi ukuyikhokha?;Cha;Yebo;;;Uma kubonakala ingathi i{customer} angeke likwazi ukukhokha imali yesikweletu ngesikhathi esibekiwe esivumelwaneni, umkweletisi ukufanele avume ukunika leyo {customer} isikweletu;18
Credit as a concept;Application;T/F;Akumile kahle ukubolekisa imali kumuntu ongakhoni ukuyikhokha;Iqiniso;Amanga;;;Abakweletisi, kakhulu ababhalisiwe, kumele beqiniseke ukuthi umuntu okweletayo uyakhona ukukhokha leyo mali yesikweletu. K'shuthi kumele bengabaniki abantu abangakwazi ukukhokha izikweletu;16
Credit as a concept;Seed;MC;Uma isikweletu sakho siloku sinyuka ungakhoni ukusikhokha, ubizwa ngokuthini?;{Overindebted};{Underindebted};Uyisidudla;Ukhathele;Ukuba {overindebted} yitemu lokuchaza umuntu ongasakhoni ukukhokhela izikweletu zakhe zama {loan}, ama {account}, noma ama {credit card}. Lokhu kungenzeka uma uthatha izikweletu eziningi kakhulu.;7
Credit as a concept;Retention;MC;Usuke unjani uma u{overindebted}?;Unezikweletu eziningi;Uneholo eliningi;Unezingane {too much};Usebenza {blind};Ukuba {overindebted} yitemu lokuchaza umuntu ongasakhoni ukukhokhela izikweletu zakhe zama {loan}, ama {account}, noma ama {credit card}. Lokhu kungenzeka uma uthatha izikweletu eziningi kakhulu.;12
Credit as a concept;Retention;MC;Ungaba njani uma unezikweletu ongakhoni ukuzikhokha?;{Overindebted};{Overindulgent};{Underindebted};Uyisidudla;Ukuba {overindebted} yitemu lokuchaza umuntu ongasakhoni ukukhokhela izikweletu zakhe zama {loan}, ama {account}, noma ama {credit card}. Lokhu kungenzeka uma uthatha izikweletu eziningi kakhulu;14
Credit as a concept;Application;T/F;Ingozi yokuthatha izikweletu eziningi ukuthi ungaba {overindebted};Iqiniso;Amanga;;;Uma uthatha izikweletu eziningi kakhulu, uzoba nezikweletu eziningi okumele uzikhokhele ekupheleni kwenyanga kanye nezindleko zakho. Lokhu kubizwa ngokuba {overindebted};16
Credit as a concept;Application;MC-AOTA;Kuchaza ukuthini ukuba {overindebted}?;Zonke ezibaliwe;Ukuba nezikweletu ongasazikhoni;Ukuthatha izikweletu eziningi;Ukukweleta kakhulu;Ukuba {overindebted} yisimo sezimali la umuntu engakhoni khona ukukhokhela zonke izikweletu zakhe. Lokhu kungenza umuntu agcine eminza ezikweletini ngokuhambha kwesikhathi;18
Credit as a concept;Seed;MC;Yini kulezi ekungesiso isikweletu ({credit})?;{Lay}-{by};i{Personal loan};i{Credit card};i{Home loan};Ama {Lay}-{by} awasiso isikweletu ngoba uma uthenga nge {Lay}-{by} awuyithathi into uze uqede ukuyikhokha;7
Credit as a concept;Retention;Y/N;Ukuthenga nge {Lay}-{by} kuyafana yini nokuthenga ngesikweletu?;Cha;Yebo;;;Ama {Lay}-{by} awasiso isikweletu ngoba uma uthenga nge {Lay}-{by} awuyithathi into uze uqede ukuyikhokha;14
Credit as a concept;Application;T/F;i{Lay}-{by} enye indlela yokusebenzisa isikweletu ukuthenga utho;Amanga;Iqiniso;;;Ama {Lay}-{by} awasiso isikweletu ngoba uma uthenga nge {Lay}-{by} awuyithathi into uze uqede ukuyikhokha;19
Credit as a concept;Application;T/F;Ukuthenga nge {Lay}-{by} yindlela yokuthenga into hhayi ngesikweletu, futhi ukwenza {sho} ukuthi ayithengiselwa omunye?;Iqiniso;Amanga;;;Ama {Lay}-{by} awasiso isikweletu ngoba uma uthenga nge {Lay}-{by} awuyithathi into uze uqede ukuyikhokha;15
Informal credit vs formal credit;Seed;MC;Kuyini ukukweletisa oku {formal} ({formal credit})?;Ukukweletisa okulandela umthetho;Ukubolekisa okuphakeme;Uhlobo lwentela;Ukubolekisa okangalawulwa;i{Formal credit} ukubolekisa kwemali okuhambelana nemithetho ebekwe yi {National Credit Act} ka 2005 efakwa ekusebenzeni yi {National Credit Regulator} ({NCR});6
Informal credit vs formal credit;Retention;MC;Iyiphi kulama temu echaza umkweletisi o{formal}?;{Registered credit provider};{Unregulated credit provider};Umbolekisi o {fancy};{Taxable lender};eNingizimu Afrika, i{registered credit provider} ekungimubolekisi orejistiwe ichaza i{bank}, isitolo, noma indawo ebolekisa imali ehambelana nemithetho ye {National Credit Regulator};9
Informal credit vs formal credit;Retention;MC;Babizwa ngani ababolekisi abahambisana nemithetho?;Abakweletisi ababhalisiwe ({registered});{Informal credit providers};Ababolekisi abaqotho;Ababolekisi bamanga;Ababolekisi aba {formal} ababolekisi abarejistiwe kanjenge {bank}, isitolo, noma indawo ebolekisa imali ehambelana nemithetho ye {NCR} asebenza ngendlela ebhekekile;10
Informal credit vs formal credit;Application;MC-AOTA;Iziphi kwezibaliwe ezinikana i{formal credit}?;Zonke ezibaliwe;i{Bank};Indawo ye {vehicle finance};Isitolo sezimpahla esikhulu;Ababolekisi aba {formal} ababolekisi abarejistiwe kanjenge {bank}, isitolo, noma indawo ebolekisa imali ehambelana nemithetho ye {NCR} asebenza ngendlela ebhekekile;19
Informal credit vs formal credit;Seed;MC;Kuyini i{informal credit}?;Ukubolekisa okungahambhi nomthetho;Ukubolekisa okuhambha nomthetho;Ukubolekisa okuthobekile;Ukubolekisa kwentela;Ukubolekisa okungekho {formal} ukubolekisa okungahambelani nemithetho ebekiwe. Lokubolekisa kuphatha ama {loan} avela ebanganini noma emndenini, kanye nomashonisa;7
Informal credit vs formal credit;Retention;MC;Iziphi kwezibaliwe eziyi sikweletu esinga lawulwanga ({unregulated credit})?;Imali obolekwe ngumgani;i{Mortgage} yendlu;i{Credit card};i{Contract} yeselula;Imali oyibolekwa ngumgani i{informal} ngoba ekujwayelekile umgani erejistele ukuba yi {credit provider}. Isikweletu silawulwa nguwe nomgani;13
Informal credit vs formal credit;Application;MC;Iziphi kwezibaliwe eziyi {informal credit}?;Isikweletu samashonisa;i{Account} yezimpahla;i{Credit card};i{Home loan};Imali oyiboleka kumashonisa i{Informal} ngoba omashonisa abasibo abakweletisi abarejistile ukuba yi {registered credit provider}. Uma ekunika isikweletu, nguye okhethayo ukuthi ukhokha kanjani;18
Informal credit vs formal credit;Seed;MC;Ngokomthetho wokuthenga, umele ini u{NCR}?;{National Credit Regulator};{National Consumer Agency};{National Credit Renegades};{National Credit Robbers};u{NCR} umele i{National Credit Regulator}. Ababolekisi abalandela imithetho ebekwe yi {NCR}, ebekwe ukuvikela labo abadinga imali, babizwa ngama {{registered credit provider}};6
Informal credit vs formal credit;Retention;MC;Isiphi isikhungo esenza {sho} ukuthi ababolekisi balandela imithetho?;{National Credit Regulator};{National Fairness Authority};{National Police Commission};{New Credit Authority};Ngokomthetho, ababolekisi bamele ukubhalisa ne {National Credit Regulator}({NCR}). Uma abakweletisi bengawulandeli umthetho, bebgaluza umumo wabo ekubeni yi {registered credit provider};12
Informal credit vs formal credit;Retention;Y/N;Ingabe i{National Credit Regulator}({NCR}) iyisikhungo sikahulumeni?;Yebo;Cha;;;{National Credit Regulator} iyisikhunga sikahulumeni esisebenzela ukuvikelwa nokunakekelwa kwamalungelo abantu abadinga usizo ngokwemali;13
Informal credit vs formal credit;Retention;MC;Ababolekisi ababhalisiwe ne {National Credit Regulator} babizwa ngokuthini?;{Registered credit provider};{Real credit providers};{Registered mashonisas};{Registered money loaners};e{South Africa}, ababolekisi abangama {registered credit provider} kanjengama {bank}, izitolo, nezindawo zokubolekisa, babhalisile ne {NCR}, futhi bavunyelwe ukubolekisa imali emthethweni;13
Informal credit vs formal credit;Application;T/F;i{National Credit Regulator} yenza isiqiniseko ukuthi abakweletisi balandela umthetho;Iqiniso;Amanga;;;Umsebenzi we {National Credit Regulator} ukwenza abakweletisi kanye nabantu ababoleka imali belandele umthetho we {National Credit Act} ka 2005;15
Informal credit vs formal credit;Application;T/F;i{NCR} ivikela umphakathi ekubolekeni imali okunganamqondo;Iqiniso;Amanga;;;{National Credit Regulator} iyisikhunga sikahulumeni esisebenzela ukuvikelwa nokunakekelwa kwamalungelo abantu abadinga usizo ngokwemali;18
Informal credit vs formal credit;Seed;MC;Ngokomthetho, kumele ube nani kuze ube umubolekisi wemali?;Ubhalise ne {NCR};Ube nemali eningi;Uthuse abantu;Ube nomusa;Uma kukhona umuntu othola imali ngokubolekisa imali ebuya nenzalo, kumele bebhalise ne {National Credit Regulator} {otherwise} basebenza ngokungemthetho;3
Informal credit vs formal credit;Retention;MC-AOTA;Iyiphi kulezinto ekuyindlela engemthetho yokwenza umuntu ekhokhe imali ayikweletayo?;Zonke ezibaliwe;Ukuthatha i{TV} yabo;Ukubathusa;Ukuthatha i{ID} yabo;Abakweletisi abasemthethweni ({registered credit providers}) abasebenzisi udlame nokuxhaphaza ukuqiniseka ukukhokha kwakho;9
Informal credit vs formal credit;Application;Y/N;Umkweletisi osemthethweni okuyi {registered credit provider} engayithatha yini i{ID} yakho?;Cha;Yebo;;;Ubuhle bokuboleka kumkweletisi womthetho ({registered credit provider}) ukuthi kunemithetho esho ukuthi bavumeleke ukukuphatha kanjani. Abavumelekile ukubambha i{ID} yakho ngisho ungakhokhanga kahle;10
Informal credit vs formal credit;Application;Y/N;Umkweletisi osemthethweni okuyi {registered credit provider} engakuxhaphaza yini akuthuse?;Cha;Yebo;;;Ubuhle bokuboleka kumkweletisi womthetho ({registered credit provider}) ukuthi kunemithetho esho ukuthi bavumeleke ukukuphatha kanjani. Abavumelekile ukukwethusa noma ukusebenzisa udlame;16
Informal credit vs formal credit;Application;Y/N;Umkweletisi osemthethweni ({registered credit provider}) engasakaza ukuthi kukhona isikweletu ongasikhokhanga na?;Cha;Yebo;;;Ubuhle bokuboleka kumkweletisi womthetho ({registered credit provider}) ukuthi kunemithetho esho ukuthi bavumeleke ukukuphatha kanjani. Akujwayelekile ukuthi abantu bazi ukuthi awukhoonanga ukukhokha;17
Informal credit vs formal credit;Application;MC;Iziphi kulezi {{ekungasiyo}} i{{registered credit provider}}?;Umashonisa;Ibhange elikhulu;Isitolo sezimpahla esikhulu;i{Network} yeselula;Ngokwencaso, omashonisa ababhiliswanga ne NCR. Lokhu kusho ukuthi abasebenzi ngokusemthethweni kwe {National Credit Regulator};19
Informal credit vs formal credit;Seed;MC;Iziphi kulezi ezichaza umashonisa?;Umkweletisi ungabhalisiwe ({unregistered});{Legal credit provider};{Registered credit provider};{Registered lender};Omashonisa benza imali ngokubolekisa izimali ezincane bengabhalisanga kuyi {National Credit Regulator};5
Informal credit vs formal credit;Retention;MC;Iliphi kulamatemu elizetshenziswa ngesilungu ukuchaza omashonisa;{Loan shark};{Loan fish};{Loan wolf};{Lone ranger};Igama {Loan shark} lisebenza ngesilungu endaweni yamashonisa. Liyigama elingelihle elichaza ukuthi umkweletisi uthatha i{advantage} emntwini ohluphekile;9
Informal credit vs formal credit;Retention;T/F;Isilinganiso senzalo ({interest rate}) komashonisa sijwayele ukuba nkulu kunalesi esibekwe ngumthetho;Iqiniso;Amanga;;;Omashonisa bafaka inzalo eningi esikweletini, phakathi kwa 30% no 50% wemali ebolekiwe. Lenzalo iningi kakhulu kunenzalo evela kubakweletisi abangama {registered credit provider} ababhalisile ne {NCR};10
Informal credit vs formal credit;Retention;MC;Ibaphi kwababaliwe abangakunika iplani lokukhokha uma kukhona imali ongayikhokhile?;i{Bank};Umashonisa;Indawo kokukweletisi imali yemoto;Umngani;Abakweletisi bomthetho bajwayele ukwenza iplani elisha lokukhokha kancane kancane uma kunemali ongayikhokhanga. Lokhu kubizwa nge {payment arrangement};11
Informal credit vs formal credit;Application;T/F;Omashonisa bajwayele ukulandela imithetho ebekwe yi {NCR} uma bekweletisa imali;Amanga;Iqiniso;;;Abanye omashonisa banozwelo, kodwa akunasiqiniseko sokuthi bazolandela umthetho ngoba akukho sikhungo esibabhekayo uma bengenzi kahle;16
Informal credit vs formal credit;Application;T/F;Igama {{Loan shark}} lijwayele ukusetshenziswa ukuchaza {{omashonisa}};Iqiniso;Amanga;;;Igama {loan shark} lisetshenziswa ukuchaza omashonisa kanjengabantu abathatha i{advantage} uma uhluphekile;17
Informal credit vs formal credit;Application;T/F;Abakweletisi bomthetho bajwayele ukufaka inzalo encane kunenzalo efakwa ngomashonisa;Iqiniso;Amanga;;;Abakweletisi bomthetho ({registered credit providers}) abafaki inzalo engeningi ngoba bavinjwe umthetho, kanti futhi bayabacwaningisisa abantu abafaka izicelo bese bebasayinisa ama {contract} omthetho;18
Informal credit vs formal credit;Application;Y/N;Ukuphula umthetho yini ukuboleka komashonisa?;Cha;Yebo;;;Akusikho ukuphula umthetho ukuthola umashonisa. Kodwa kungukuphula umthetho ukubolekisa imali uma ungumashonisa. Ngokuboleka komashonisa, uxhasa ibhizinisi eliphula umthetho;19
Informal credit vs formal credit;Application;Y/N;Omashonisa babhalisiwe yini ne {National Credit Regulator}?;Cha;Yebo;;;Omashonisa benza imali ngentela yokubolekisa imali bengabhalisile ne {National Credit Regulator}. Lokhu kusho ukuthi baphula umthetho;18
Informal credit vs formal credit;Application;MC;Ibaphi kwababaliwe abazokufakela inzalo eningi esikweletini ngokujwayelekile?;Umashonisa;i{Bank};Isitolo sezimpahla esikhulu;i{Network} ye {cellphone};Omashonisa bafaka inzalo eningi esikweletini, phakathi kwa 30% no 50% wemali ebolekiwe. Lenzalo iningi kakhulu kunenzalo evela kubakweletisi abangama {registered credit provider} ababhalisile ne {NCR};16
The cost of borrowing money;Seed;MC;Imali {{engaphezulu kwesikweletu}} okumele uyikhokhe uma uboleka imali ibizwa ngani?;Inzalo;Intela;Iholo;Izindleko;Inzalo imali oyikhokha ngaphezulu kwemali yesikweletu osithathile. Kahle kahle imali oyikhokhayo uma uboleka imali;6
The cost of borrowing money;Retention;T/F;Inzalo imali {{oyikhokha ngaphezulu}} kwemali yesikweletu semali oyibolekile;Iqiniso;Amanga;;;Inzalo imali oyikhokha ngaphezulu kwemali yesikweletu osithathile. Kahle kahle imali olikhokhayo uma uboleka imali;8
The cost of borrowing money;Retention;MC;Abakweletisi bayenza kanjani imali ekubolekiseni imali?;Ngokufaka inzalo;Ngokuba nelinye ibhizinisi;Ngokutshala imali yabo;Abatholi mali;Ungayibheka inzalo njenge nani lokuboleka imali ngoba imali oyikhokha ngaphezulu kwemali oyibolekile. Abakweletisi bayenza kanje imali;9
The cost of borrowing money;Retention;MC;Kokubaliwe, yini echaza inzalo yesikweletu kancono?;Inani lokuboleka imali;Inani lemfundo;Inani le {company};Inani lokusungula;Inzalo yenza ukuboleka kusebenzele umkweletisi nomkweleti. Umkweleti uyakwazi ukukhokhela izinto zakhe, umkweletisi wenza imali ngokubolekisa;9
The cost of borrowing money;Retention;MC-AOTA;Iziphi izinto ezingaba nentela kwezibaliwe?;Zonke ezibaliwe;i{Personal loan};i{Account} estolo sezimpahla;i{Credit card};Wonke umuntu osebenza ukubolekisa imali ufaka inzalo esikweletini. Inzalo inani lokuboleka imali;11
The cost of borrowing money;Retention;MC;Ijwayele ukubalwa kanjani inzalo?;Iba yi {percent} lesikweletu;Iba yimali ezimele;Ngendlela exakile;Akho nzalo la;Inzalo yingxenye yemali oyibolekile nge {percent}. Uma uboleka R5000 kumuntu ozoku {charger} 10%, uzokhokha R5500 (R5000 + R500);12
The cost of borrowing money;Retention;MC;Isilinganiso senzalo esikweletini saziwa ngani?;{Interest rate};{Interest number};{Tax rate};{Expense rate};Itemu {interest rate} lichaza isilinganiso senzalo esikweletini. Kusho ukuthi u 10% {p}/{a} uchaza ukuthi uzokhokha u 10% wesikweletu ngonyaka;14
The cost of borrowing money;Application;T/F;Inzalo esikweletini imali yokuboleka imali;Iqiniso;Amanga;;;Wonke umuntu osebenza ukubolekisa imali ufaka inzalo esikweletini. Inzalo inani lokuboleka imali;17
The cost of borrowing money;Application;Y/N;Kujwayelekile na ukuthi umkweletisi afake inzalo eskweletini?;Yebo;Cha;;;Akujwayelekile ukuthola isikweletu esingenanzalo. Uma abakweletisi bengakhokhelwa nzalo, angeke benze mali ngokubolekisa;18
The cost of borrowing money;Application;T/F;Amabhizinisi abolekisa imali akushaja inzalo kuze ezothola nawo imali ngokusebenza ngokukweletisa imali;Iqiniso;Amanga;;;Abazali nabangani abakuboleka imali bengafaki nzalo bayekela ukuthi abadingi ukwenza imali ngawe. Abakweletisi kodwa bayadinga ukuhola ngokukweletisa imali;19
The cost of borrowing money;Application;T/F;Inzalo inani lokuboleka imali;Iqiniso;Amanga;;;Inzalo imali oyikhokha ngaphezulu kwesikweletu osithathile. Inani olikhokhayo lokuboleka imali ngamanye amazwi;17
The cost of borrowing money;Seed;MC;Imali yonke oyikhokhela umkweletisi ibizwa ngani?;{Cost of credit};{Cost of interest};{Total cost of income};{Net credit};Inani lesikweletu imali yonke oyinika umkweletisi. Ibala imali oyibolekile kanye nenzalo (nezinye izimali zama {administraion fee} uma zingena);5
The cost of borrowing money;Retention;MC;Ngokwezimali, kuyini inani lesikweletu ekuyi {{cost of credit}}?;Imali ebolekiwe kanye nenzalo;Imali obolekiwe engena nzalo;Inzalo nentela;Imali ebolekiwe nentela;Ngokwezimali zokubolekwa ezi {simple}, i{cost of credit} ifaka imali oyibolekile kanye nenzalo. Kungaba khona ezinye izimali ngaphezulu;9
The cost of borrowing money;Retention;MC;Elinye igama elisetshenziswa endaweni ye {{cost of credit}} lithini?;{Total cost of credit};{Total cost of tax};{Net credit};{Total cost of expenses};i{Total cost of credit} ifana ne {cost of credit}. Abakweletisi bomthetho bajwayele ukusho lelinani ekuyilona ozolibuyisela. Libala inzalo nemali yokusebenza ({administration fee});10
The cost of borrowing money;Application;T/F;i{{Total cost of credit}} yimali oyikhokha ngokugcwele kumkweletisi;Iqiniso;Amanga;;;i{Total cost of credit} ifana ne {cost of credit}. Abakweletisi bomthetho bajwayele ukusho lelinani ekuyilona ozolibuyisela. Libala inzalo nemali yokusebenza ({administration fee});15
The cost of borrowing money;Application;T/F;i{Cost of credit} imali umuntu ayibolekile;Amanga;Iqiniso;;;i{Cost of credit}, ngokwezimali ezi {formal}, ibala imali oyibolekile esikweletini kanye nenzalo nezimali zokusebenza ekukunikeni isikweletu;17
The cost of borrowing money;Application;Y/N;Ingabe i{cost of credit} ekuyinani lesikweletu nenzalo kuyafana na?;Cha;Yebo;;;i{Cost f credit}, ngokwezimali ezi {formal}, ibala imali oyibbolekile esikweletini kanye nenzalo nezimali zokusebenza ekukunikeni isikweletu;19
The cost of borrowing money;Seed;Y/N;Kujwayele ukuba ne {risk} ethile uma kukhona okuboleka imali;Yebo;Cha;;;Kuhlale kukhona i{risk} ekubolekeni imali. Ngisho umkweletisi engalandela izinyathelo zokubona ukuthi uyakwazi na ukukhokha, isasekhona i{risk};5
The cost of borrowing money;Retention;MC;Iziphi kulezi ezingathinta ukwenzeka kwesikweletu?;i{Risk} ephathelene nokukweletisa imali;Ukuphula umthetho;Ikhefu;Isithombe;Kuhlale kukhona i{risk} ekubolekeni imali. Ngisho umkweletisi engalandela izinyathelo zokubona ukuthi uyakwazi na ukukhokha, isasekhona i{risk};9
The cost of borrowing money;Application;Y/N;Kuyenzeka yini kungabikho {risk} ekukweletiseni?;Cha;Yebo;;;Kuhlale kukhona i{risk} ekubolekeni imali. Ngisho umuntu okweletayo enemali eningi, isasekhona i{risk} uma kuvela ingozi;15
The cost of borrowing money;Application;Y/N;Abakweletisi bayabheka yini ukukhokha kwakho izikweletu osewazithatha uku{decide}'a ukuthi bayakunika imali na?;Yebo;Cha;;;Inzalo esikweletini ithintwa yi {risk} ebhekene nomuntu okweletayo. i{Risk} ingathintwa yizinto ezifana ne {security} yesikweletu;17
The cost of borrowing money;Application;T/F;Ikhona i{risk} ekukweletiseni umuntu othembekile onemali;Iqiniso;Amanga;;;Kuhlale kukhona i{risk} ekubolekeni imali. Ngisho umuntu okweletayo enemali eningi, isasekhona i{risk} uma kuvela ingozi engamenza engakwazi ukukhokha isikweletu;20
The cost of borrowing money;Seed;MC;Iziphi kulezi ezibaliwe engakunyusela inzalo esikweletini?;i{Risk} ekukubolekeni;Ubuwena;Ulimi olukhulumayo;Isibongo sakho;Inzalo esikweletini ithinteka kakhulu i{risk} ephathelene nokukukweletisela. Ziningi izinto ezithinta i{risk}, kanjengokuthi isikweletu sakho sivikeleke kanjani;7
The cost of borrowing money;Retention;MC;Esikweletini, i{risk} ephezulu ingenza ukuthi ini futhi ibe phezulu?;Inzalo;i{Personal loan};Intela;Iholo;Inzalo esikweletini ithinteka kakhulu i{risk} ephathelene nokukukweletisela. Ziningi izinto ezithinta i{risk}, kanjengokuthi isikweletu sakho sivikeleke kanjani;11
The cost of borrowing money;Retention;MC;Iziphi izinto kwezibaliwe ezingakwenza ube yi {risk} ukukweletisela?;Ukuba yi{customer} okokuqala;Ukuba negama elihle;Ukuba nemali oyibekile ({savings});Ukuba neholo elingajiki njalo;Inzalo esikweletini ithinteka kakhulu ukuthi ungasikhokha kanjani leso sikweletu. Uma uboleka okokuqala, awaziwa ukuthi ukhokha izikweletu kanjani;13
The cost of borrowing money;Application;T/F;Ngokwezimali nokukweletisa, i{risk} isho amathuba omuntu okungakhokhi imali ayibolekile;Iqiniso;Amanga;;;Abakweletisi bazobheka ukuthi ingakanani i{risk} esekukubolekeni imali. Bakunika impendula nesivumelwano ethintwa yilokho;16
The cost of borrowing money;Application;T/F;I{risk} enkulu ihambhelana nenzalo encane;Amanga;Iqiniso;;;Izinto esifana nama {personal loan} zine {risk} enkulu okusho ukuthi inzalo yakhona izoba nkulu. Uma i{risk} ephethelene nokukweletisa iphansi, inzalo izoba phansi;16
The cost of borrowing money;Application;T/F;I{risk} encane kumkweletisi ngawe ihambhelana nenzalo eningi emalini yesikweletu;Amanga;Iqiniso;;;Izinto esifana nama {personal loan} zine {risk} enkulu okusho ukuthi inzalo yakhona izoba nkulu. Uma i{risk} ephethelene nokukweletisa iphansi, inzalo izoba phansi;18
The cost of borrowing money;Application;T/F;I{risk} enkulu kumkweletisi ngawe ihambelana nenzalo eningi emalini yesikweletu;Iqiniso;Amanga;;;Izinto ezifana nama {personal loan} zine {risk} enkulu okusho ukuthi inzalo yakhona izoba nkulu. Uma i{risk} ephathelene nokukweletisa iphansi, inzalo izoba phansi;18
The cost of borrowing money;Application;Y/N;Ukuba se {risk}ini kwakho kuyayithinta inzalo emalini oyikweletayo;Yebo;Cha;;;Inzalo esikweletini ithinteka kakhulu ukuthi ungasikhokha kanjani leso sikweletu. Uma uboleka okokuqala, awaziwa ukuthi ukhokha izikweletu kanjani;19
Unsecure vs secure credit;Seed;MC;Ibizwa ngani into ovuma ukuyinika umkweletisi uma ungasakhoni ukukhokha isikweletu?;{Security};Iholo;Indleko;Intela thize;Uma uboleka imali noma ukuthatha isikweletu, umkweletisi engafuna i{security} ekuyinto yakho ebiza imali engakhokhela isikweletu okumele unike umkweletisi yona uma ungakhoni ukukhokha;7
Unsecure vs secure credit;Retention;MC;Yini kwezibhaliwe ekungelinye igama le {{security}}?;i{Security of debt};{Credit safety};i{Safety of debt};{Financial security};i{Security} yesikweletu yitemu eli {formal} elisho ukuqiniseka kukamkweletisi ekutholeni imali yakhe uma ungakhoni ukukhokha;12
Unsecure vs secure credit;Retention;MC;Yini kwezibhaliwe ekungelinye igama le {{security of debt}}?;{Security};i{Concatenate};{Income security};{Credit safety};i{Security} enye indlela yokuchaza i{security of debt}, ekuyinto yakho ebiza imali engakhokha isikweletu okumele unike umkweletisi yona;12
Unsecure vs secure credit;Retention;MC;Uma uvuma ukunika umkweletisi impahla yakho uma ungakhoni ukukhokha, isikweletu sinjani?;{Secure};{Unsecured};{Smart};{Safe};Isikweletu singaba ne {security} uma uvuma ukunika umkweletisi impahla yakho eziba imali uma uhluleka ukukhokha imali oyikweletayo;13
Unsecure vs secure credit;Retention;MC;Kwenzeka ini nge {security} uma ungakhoni ukukhokha imali yesikweletu?;Umkweletisi uyayithatha;Uhulumeni uyayithatha;Umkweletisi uyayiphula;Zonke ezibaliwe;Uma ungakhoni ukukhokha isikweletu, umkweletisi kuzoba ngeyakhe impahla yakho ovume ukuyenza i{security};14
Unsecure vs secure credit;Retention;MC;Kwenzekala ini uma wenza i{loan} ibe {secure}?;Inzalo ephansi;Inzalo enkulu;Inzalo engajiki;Ukukhokha kune {guarantee};Uma isikweletu sine {security}, inzalo esikweletini ijwayele ukuba ncane kuna mangabe ungafakanga {security} ngoba i{risk} incane;14
Unsecure vs secure credit;Retention;T/F;i{Security} yimpahla yakho ovuma ukunika umkweletisi uma ungakhoni ukukhokha isikweletu?;Iqiniso;Amanga;;;Uma uthatha isikweletu, umkweletisi engacela ukuthi ube ne {security} ekuyinto yakho ebiza imali engakhokha isikweletu okumele unike umkweletisi yona ekuzoba ngeyakhe uma uhluleka ukukhokha;14
Unsecure vs secure credit;Application;MC;Yini kwezibhaliwe eyisibonela sesikweletu esi {secure}?;i{Home loan};i{Personal loan};i{Account} esitolo;Isikweletu somngani;i{Home loan} ine {security} ngoba indlu iba yi{security}. Uma uyeka noma ungasakhoni ukukhokha futhi ungenzi iplani, indlu yakho ingathathwa yi {bank};17
Unsecure vs secure credit;Application;MC;Yini kwezibhaliwe eyisibonelo sesikweletu esi {secure}?;Ukuthengiselana kwe {pawn} ({Pawn transaction});i{Personal loan};i{Account} esitolo;Isikweletu somngani;Uma wenza ukushiya into yakho kuze uzothola imali, kubizwa nge {pawn transation}. Ungena esivumelwaneni esi {secure}. Imali oyitholayo iba {secure} ngento onike yona umkweletisi;18
Unsecure vs secure credit;Application;T/F;Ukuthenga imoto nge {vehicle finance} isibonelo sesikweletu esi {secure};Iqiniso;Amanga;;;Isikweletu semoto {vehicle finance} isikweletu esine {security}. Uma uyeka noma ungasakhoni ukukhokha futhi ungenzi iplani, imoto yakho ingathathwa yi {bank};18
Unsecure vs secure credit;Application;MC;Uma ufaka i{security} ukuthola isikweletu, sibizwa ngokuthi sinjani leso sikweletu?;{Secured};{Unsecured};{Safe};{Smart};Isikweletu esine {security} sine {collateral}, okusho ukuthi umkweletisi angeke alahlekelwe lutho uma ekuboleka imali wena ungasakhoni ukukhokha;18
Unsecure vs secure credit;Application;MC-AOTA;Yini kwezibhaliwe engaba yi {security} esikweletini?;Zonke ezibaliwe;Indlu;Imoto;i{TV};Chama iyiphi impahla ebalulekile ebiza imali eyanele ingaba yi {collateral} yesikweletu. Lokhu kuzothintwa yimali yesikweletu kanye nemibandela yesivumelwano;19
Unsecure vs secure credit;Application;T/F;Sonke isikweletu esi {secure} siba ne {security};Iqiniso;Amanga;;;i{Collateral} yenza isikweletu sibe ne {security}. Umkweletisi engaba nokuthula azi ukuthi uma ungakhokhi imali yesikweletu angeke elahlekelwe yimali;20
Unsecure vs secure credit;Application;MC;Uma uthenga imoto ngesikweletu namhlanje, imoto izoba ngekabani?;Umkweletisi;Eyakho;Ekahulumeni;Ayina {owner};Uma uthenga imoto ngesikweletu, imoto akusiyo eyakho. i{Title} lingena egameni lakho uma usuqedile ukukhokhela isikweletu. Imoto kuba ngeyakho uma usuyikhokhele ngokugcwele ({in full});19
Unsecure vs secure credit;Application;MC;Uma uthola i{home loan} e{bank} ukuthenga indlu, ekabani indlu?;Eyakho;Ekamkweletisi;Ekahulumeni;Muntu;Uma uthatha i{home loan}, itayitela ({title deed}) kuba ngeyakho. Kusho ukuthi indlu ngeyakho, ngisho ngabe ingathathwa indlu uma ungakhokhi;20
Unsecure vs secure credit;Application;Y/N;Isikweletu esine {security} ingabe siba {{nenzalo encance}} kunesikweletu esinganayo i{security}?;Yebo;Cha;;;Uma isikweletu noma i{loan} sine {security} ngoba khona into yakho obambhise ngayo, inzalo ijwayele ukuba ncane kuna mangabe ingekho i{security}. Lokhu ingoba i{risk} incane uma kune {security};17
Unsecure vs secure credit;Seed;T/F;Isikweletu esi {unsecure} isikweletu esinganayo i{security};Iqiniso;Amanga;;;Uma ukweleta imali kungekho lutho ovumile ukumnika umkweletisi uma ungakhoni ukukhokha, leso sikweletu asikho {secure} ({unsecured credit});2
Unsecure vs secure credit;Retention;MC;Isikweletu esingasekiwe yi {security} sibizwa ngokuthi sinjani?;Si {unsecured};{Secured};{Dangerous};{Smart};Uma ukweleta imali kungekho lutho ovumile ukumnika umkweletisi uma ungakhoni ukukhokha, leso sikweletu asikho {secure} ({unsecured credit});8
Unsecure vs secure credit;Retention;MC;Uma uthatha isikweletu esingena {security}, kusho ukuthini isikweletu esinjani leso?;Si {unsecured};{Secured};{Dangerous};{Smart};Izikweletu ezinganayo i{security} zijwayele ukuba nenzalo enkulu ngoba akukho {security} ukukhokhela umkweletisi uma ungakhoni ukukhokha;10
Unsecure vs secure credit;Retention;MC;Iziphi kwezibhaliwe ejwayele ukuba yisikweletu esi {unsecured}?; i{Personal loan};i{Home loan};Ukuthengiselana kwe {pawn} ({Pawn transaction});Isikweletu sikamashonisa;Ama {personal loan} avela kumkweletisi womthetho ajwayele ukungabi na {security} uma uwathatha, kodwa inzalo ijwayele ukuba nkulu;11
Unsecure vs secure credit;Retention;MC;Iziphi kwezibhaliwe ejwayele ukuba yisikweletu esi {unsecured}?;i{Credit card};i{Home loan};{Vehicle finance};Isikweletu sikamashonisa;Ngisho ekhona ama {credit card} ane {security}, amaningi ayisikweletu esi {unsecured} asebenza ngokukhokha kahle kwakho ukulethela umkweletisi ukuthula;12
Unsecure vs secure credit;Retention;MC;Iziphi kwezibhaliwe ejwayele ukuba yisikweletu esi {unsecured}?;i{Account} esitolo sezimpahla;i{Home loan};Ukuthengiselana kwe {pawn} ({Pawn transaction});Isikweletu sikamashonisa;Ama {account} ezitolo zokugqoka ayizikweletu ezingezi ne {security};13
Unsecure vs secure credit;Application;T/F;Isikweletu sendlu okuyi {home loan} sihlale sine {security};Iqiniso;Amanga;;;i{Home loan} ine {security} ngoba indlu iba yi{security}. Uma uyeka noma ungasakhoni ukukhokha futhi ungenzi iplani, indlu yakho ingathathwa yi {bank};18
Unsecure vs secure credit;Application;T/F;Isikweletu sendlu ekuyi {home loan} isibonelo sesikweletu esi {{unsecure}};Amanga;Iqiniso;;;i{Home loan} ine {security} ngoba indlu iba yi{security}. Uma uyeka noma ungasakhoni ukukhokha futhi ungenzi iplani, indlu yakho ingathathwa yi {bank};18
Unsecure vs secure credit;Application;MC;Isikweletu esingekho {secure} sinenzalo ephezulu ngoba______________;Kune {risk} ephezulu;Akunamaphepha;Akuna ntela;Kune {risk} ephansi;Izikweletu ezinganayo i{security} zijwayele ukuba nenzalo enkulu ngoba akukho {security} ukukhokhela umkweletisi uma ungakhoni ukukhokha;19
Unsecure vs secure credit;Application;MC;Iziphi kwezibhaliwe ezinzalo ephezulu?;i{Personal loan};Isikweletu sendlu;Isikweletu semoto;Intela ebuyayo;i{Home loan} ine {security} ngoba indlu iba yi{security}. Uma uyeka noma ungasakhoni ukukhokha futhi ungenzi iplani, indlu yakho ingathathwa yi {bank};20
Unsecure vs secure credit;Application;T/F;Ebakweletisini, isikweletu esingekho {secure} ({unsecured credit}) sine {risk} enkulu kunesikweletu esi {secure};Iqiniso;Amanga;;;Izikweletu ezinganayo i{security} zijwayele ukuba nenzalo enkulu ngoba akukho {security} ukukhokhela umkweletisi uma ungakhoni ukukhokha;18
Unsecure vs secure credit;Application;T/F;Izikweletu ezi {unsecure} ziyingozi;Amanga;Iqiniso;;;Izikweletu ezingenayo i{security} azisiyo ingozi, kodwa zibizwa kanjalo ngoba akunanto yakho ({security}) umkweletisi ayithathayo uma ungakhoni ukukhokha. i{Security} yehlisa i{risk} yesikweletu;18