﻿Concept;Question class;Question type;Question content;Answer;Alternative 1;Alternative 2;Alternative 3;Explanation;Difficulty rating (</= 20)
Contract basics;Seed;MC;Iyini i{contract}?;Isivumelwano esibophayo phakathi kwabantu ababili ;Isivumelwano nomuntu oyedwa;i{Slip} sasesitolo;i{Credit} ekhethekile ;i{Contract} isivumelwano somthetho phakathi kwabantu ababili noma abaningi, izinkampani noma izinhlangano;4
Contract basics;Retention;MC;Kusho ukuthini ukubopha ngomthetho? ;Imiphumela yomthetho uma ungalandeli;Uma okuthize akukho emthethweni;Uma okuthize akukwazi ukuqiniswa umthetho ;Uma okuthize akukho emthethweni;Uma isivumelwano singesomthetho, uma usiphula isivumelwano uzobhekana nemiphumela yomthetho;9
Contract basics;Retention;MC;Ngokwe nkontilaka, isho ini i{party}?;Isayidi elingena esivumelwaneni se {contract};Ukuhlangana kwabantu;Inhlangano ye politiki;Umcimbi;Kuma {contract} amaningi nezivumelwano zomthetho, i{party} isho amasayidi ahlukile esivumelwaneni. Uma u{sign}a isivumelwano, wena ungenye yama {party} e {contract};12
Contract basics;Retention;MC;Kwenzekani uma ungalandeli imigomo nemibandela ye {contract}?;Uweqe i{contract};Angeke ubhekane nenhlawulo ;Angeke kube khona imiphumela;Ungacela enye i{contract};Uma ungalandeli imigomo nemibandela ye {contract} bese ungahloniphi isivumelwano, kuthathwa njengokuphula isivumelwano se {contract}. Uma wenza lokho, ungabhekana nemiphumela enzima;10
Contract basics;Retention;MC;Kungenzekani uma weqa i{contract}?;Ungabhekana nemiphumela enzima;Angeke ubhekane nezinhlawulo;Ungacela enye i{contract};Akwenzeki lutho;Uma weqa i{contract} yakho, abanye abantu (noma izinhlangano) abasayine i{contract} nawe bangacela isinxephezelo, njenge mali;10
Contract basics;Application;T/F;"Uma ungena kuy i{contract}, uwomunye ""wama {parties}"" kuleso sivumelwano.";Iqiniso;Amanga;;;Kuma {contract} amaningi/noma izivumelwano zomthetho, ama {parties} kusho izinhlangothi ezihlukile ze {contract}. Uma u{sign}a i{contract}, uwomunye wama {parties} kuleyo nkontilaka;17
Contract basics;Application;MC;Ngaphambili kokungena kuy i{contract}, kufanele wenzeni?;Funda uzwisise kahle i{contract};Ungalaleli i{contract};Ungahloniphi isivumelwano;Unganaki i{contract} nesivumelwano;Qiniseka ufunda uzwisise kahle i{contract}. Lokhu kuzokusiza ukuzwisisa ofanele ukwenze ukuze kube nethuba elincani lokweqa i{contract} yakho;15
Contract basics;Seed;MC;Ama {contract} zingakwazi ukuthi:;Zibengamazwi noma zibhalwe;Amazwi kuphela;Zibhalwe kuphela;Zikhulunyiwe kuphela;Ama {contract} angaba yimibhalokanye namazwi. i{Contract} yamazwi yisivumelwano esikhulunywayo phakathi kwabantu ababili noma abaningi. Ama {contract} abhaliwe alula ukuqiniswa kunakhulunywayo;5
Contract basics;Retention;MC;Iyini i{contract} yamazwi?;Isivumelwano esikhulinyiwe phakathi kwabantu ababili noma abaningi;Isivumelwano esibhaliwe;Iphepha elincani elisayidiwe;Inkontikala esayindiwe;i{Contract} yamazwi isivumelwano esokhulunywayo phakathi kwabantu ababili noma abaningi. Ama {contract} zamazwi zibonakala zingahlelekanga kunalezo ezibhaliwe;8
Contract basics;Retention;T/F;Kufanele ama {contract} zibhalwe njalo.;Amanga;Iqiniso;;;Akufanele ama {contract} abhalwe njalo. Ngezinye izikhathi ama {contract} enziwa ngamazwi, kodwa abhaliwe akuvikela kakhulu, ikakhulukazi ngokomthetho;8
Contract basics;Retention;Y/N;Kungakwazi ukuthi ama {contract} zibengamazwi kanti zibhalwe futhi?;Yebo;Cha;;;Ama {contract} zingabhalwa kanti zingabangamazwi futhi. Isibonelo, ungathola i{quote} ebhaliwe yesevisi ethize bese uyavuma ngamazwi ukuthi umsebenzi awenziwe;10
Contract basics;Retention;MC;Kungani i{contract} ebhaliwe iphephile kunaleyo yamazwi?;Kunobufakazi obubhalwe phansi besivumelwano;Ama {contract} zingabhalwa kuphela;Angeke ama {contract} zibe ngamazwi;Akukho emthethweni ukuba ne {contract} yamazwi;Kuphephile ukuba ne {contract} ebhaliwe ngoba konke okuvunyelwane ngakho kubhalwe phansi. Uma kunokuphikisana noma umbuzo kamuva, kunobufakazi besivumelwano;9
Contract basics;Application;MC;Kwezilandelayo, yini ezokuvikela kakhulu uma uvumela okuthize?;i{Contract} ebhalwe ngokucacile;i{Contract} yamazwi;i{Contract} ekhulunyiwe;Ukubamba ngesandla;i{Contract} ebhalwe ngokucacile iyokuvikela uma uvumela okuthize. Cela i{contract} ebhaliwe njalo kuzivumelwano ezibalulekile njenge {credit}, ukuqasha, nomshwalense;16
Contract basics;Seed;MC-AOTA;Ngaphambili koku{sign}a i{contract}, kufanele:;Zonke ezibaliwe;Qiniseka ukuthi uyayizwisisa kahle;Qiniseka ukuthi uvumelana nazo zonke;Qiniseka ukuthi uyamelana nezindleko nezimali ;Ngaphambili koku{sign}a nokuvumela i{contract}, qiniseka ukuthi uyayizwisisa kanti uvumelana nemigomo, nokuthi uyakwazi ukumelana nezindleko, izimali noma ubungozi obukhona;5
Contract basics;Retention;MC;Kufanele wenzeni uma ungazwisisi okuthize kuy i{contract}?;Cela ukuthi uchazelwe;Sayina nje i{contract};Unganaki ongakuzwisisi;Sayina i{contract} ngokushesha;Uma ungazwisisi okuthize kuy i{contract}, Kukuwe ukuqinisekisa ukuthola ukuthi kusho ukuthini ngaphambili koku{sign}a. Uma ungakazwisisi, ungasayini;9
Contract basics;Retention;MC;Ngemuva koku{sign}a i{contract}, kufanele ucele:;Ikhophi ye {contract};Isikweletu;Ukwehliselwa;Ukuphula i{contract} yakho;Uma sewu{sign}a i{contract}, cela ikhophi ye {contract} ozohamba nayo. Lokhu kungasetshenziswa ukuphendula imibuzo ongaba nayo kusasa;10
Contract basics;Retention;MC;Uma u{sign}a i{contract}, kufanele:;Cisha noma gcwalisa izindawo ezivulekile;Ungafundi i{contract};Unganaki izindawo ezivulekile;Unganaki izingxenye ze {contract};Uma u{sign}a i{contract}, kufanele ugcwalise amagama nama {dates}, cisha izindawo ezivulekile, bese ubeka ama {initials} eceleni. Lokhu kuvikela ukuthi i{contract} ingashitshwa uma sewuyisayinile;11
Contract basics;Retention;MC;Uma wenze ushintsho kukontilaka, kufanele wenzeni?;Beka ama-initials wakho eceleni koshintsho;Ungabhali lapho ushintshe khona;Ungagcwalisi amagama kuzindawo ezivulekile;Ungafundi i{contract} yonke;Uma wenza ushintsho kukontilaka, qiniseka njalo ukubeka ama-initials lapho ushintshe khona. Lokhu kuyasiza ukufakazela ukuthi wenze nokuvumela ushintsho ngokwakho;11
Contract basics;Application;MC;Ingabe kufanele wenzeni ngaphambili koku{sign}a i{contract}?;Ifunde ngokuqaphela;Ifunde ngokushesha;Ifunde bese ungayicabangi;Ifunde bese ungayinaki;Njalo funda i{contract} ngaphambili koku{sign}a. Uma ungazwisisi okuthize, cela ukuchazelwa ngaphambili koku{sign}a;15
NCA basics;Seed;MC-AOTA;Kwezilandelayo, yini ewumbolekisi wezimali?;Zonke ezibaliwe;i{Bank};Izitolo ezithize njenge zezimphahla;Ababolekisi abancane;Ama {bank}, izitolo ezithize njenge zezimphahla kanye nababolekisi abancane bayizibonelo zababolekisi bezimali. Akubona ababolekisi bonke bezimali abanikeza izikweletu ezifanayo nokuba emthethweni;5
NCA basics;Retention;Y/N;Ingaba noma iyiphi inkampani engabhaliswa ukuba umbolekisi wezimali?;Cha;Yebo;;;Akunoma iyiphi inkampani engabhaliswa ukuba umbolekisi wezimali. Ababolekisi bezimali badinga ukuaplaya ukuze babe ababolekisi bezimali ababhalisiwe ne {National Credit Regulator} ({NCR});9
NCA basics;Retention;MC;i{Regulatory body} eqinisekisa ukuhambisana ne{National Credit Act} ibizwa_____;i{National Credit Regulator};Ababolekisi bezimali abakhulu;i{Credit bureau};i{SARS};i{National Credit Regulator} ({NCR}) inhlangano elawula ababolekisi bezimali, ama {credit bureaus} nezinye izingxenye ze {credit market}, ngokuhambisana ne {National Credit Act};9
NCA basics;Application;MC;Kungani kubalulekile ukuba khona kwe {National Credit Regulator}?;Iqinisekisa ukuhambisa ne {NCA};Isiza abantu ukuphula umthetho;Iyenza i{banking} isheshe kakhulu;Isiza abantu ukubhadala i{tax};i{National Credit Regulator} ({NCR}) ibalulekile ngoba iqinisekisa ukuthi bonke ababolekisi bezimali nabathengi balalela imithetho mayelana ne {credit} South Africa;15
NCA basics;Seed;MC;Iyini i{affordability assessment}?;Ukubheka izimali zomuntu nomlando we {credit};Ukuhlola okubhaliwe ;Ukuhlola okuthatha i{hour};Ukubheka ukuthi umuntu unama {fine} amangaki;i{Affordability assessment} ilapho umbolekisi wezimali ebheka izimali zomuntu nomlando we {credit} ukubona ukuthi bangakwazi ukukhokha isikweletu;5
NCA basics;Retention;MC;Kungani i{affordability assessment} yenziwa?;Ukuqinisekisa umuntu ukwazi ukukhokha isikweletu ;Ukwenza kubenzima ukusebenza kwama {banks};Ukwenza i{credit} idide abantu;Ukudla abantu imali;i{Affordability assessment} idinga ukwenziwa ukuqiniseka ukuthi umuntu angakwazi ukukhokha isikweletu. Kufanele ababolekisi benze lezinhlolo ngaphambili kokunikeza isikweletu;9
NCA basics;Retention;MC;Ubani owenza ama {affordability assessments}?;Ababolekisi bezimali;Abathengi;i{NCR};i{Home Affairs};Kufanele ababolekisi bezimali benze ama {affordability assessment} uma abathengi ba aplayela i{credit}. Kudinga abathengi babe neqiniso uma benikezela ngolwazi lwabo lezimali kubabolekisi bezimali;9
NCA basics;Application;MC;Uma uaplayela isikweletu, kufanele umbolekisi wakho wezimali enzeni?;i{Affordability assessment};i{Criminal clearance check};i{Medical test };i{Language test};Ngaphambili kokunikeza isikweletu, umbolekisi kufanele aqiniseke ukuthi ungakwazi ukubhadala ngokwenza i{affordability assessment}. Uma ingenziwanga, unganikezwa isikweletu ongakwazi ukusibhadala;15
NCA basics;Seed;T/F;Ababolekisi bemali badinga ukuqinisekisa ukuthi abathengi bayakwazi ukubhadala isikweletu ngaphambili kokubavumela;Iqiniso;Amanga;;;Ababolekisi bemali badinga ukuqinisekisa ukuthi abathengi bayakwazi ukubhadala i{credit} abayi aplayele ngaphambili kokubavumela. Bangenza lokhu ngokwenza i{affordability assessment};5
NCA basics;Retention;MC;Benza kanjani ababolekisi bemali ukuqinisekisa ukuthi abathengi bakwazi ukubhadala i{credit}?;Ngokwenza i{affordability assessment};Ngokuqagela;Ngokubuza umthengi nje;Ngokubheka imali yabo ku {wallet} kuphela ;Ababolekisi bemali bangakwazi ukubheka ukuthi umthengi uyakwazi ukubhadala i{credit} ayi aplayele ngokwenza i{affordability assessment}. Lokhu, ilapho umbolekisi abheka izimali zomthengi;9
NCA basics;Retention;MC;Siyini isivumelwano se {credit} uma umbolekisi wemali angenzi i{affordability assessment}?;Isivumelwano se{credit} esinganaki ;Isivumelwano se {credit} esilungile;Isivumelwano se {credit} esingalunganga ;Isivumelwano se {credit} esonakele;Uma umbolekisi wezimali angenzi i{affordability assessment} bese anikeza i{credit} kumuntu, leso sivumelwano se {credit} sibizwa ngesivumelwano esinganaki;10
NCA basics;Retention;MC;Isivumelwano se {credit} esinganaki singenza ukuthi umbolekisi wezimali anike i{credit} ku: ;Umthengi abazi ukuthi angeke amelane naso;Umuntu bakholelwa ukuthi angamelana naso ;Umuntu ongazange aaplayele i{credit};Umuntu oyisigebengu;Isivumelwano se {credit} singaba sokunganaki, uma umbolekisi wezimali enze i{affordability assessment} bese ayazi ukuthi umuntu angeke amelane ne {credit}, kodwa amunikeze;10
NCA basics;Retention;T/F;Uma umthengi angazwisisi isivumelwano se {credit}, singabizwa ukuthi isivumelwano se {credit} esinganaki.;Iqiniso;Amanga;;;Uma umthengi angazwisisi amalungelo wakhe nalokho afanele akwenze, kanye nezimali nezindleko zesivumelwano se {credit}, singabizwa ukuthi isivumelwano se {credit} esinganaki;10
NCA basics;Retention;MC;Ingabe singaba ingozi kanjani isivumelwano se {credit} esinganaki kumthengi?;Zingaholela kuzikweletu eziphezulu;Zingabasiza ukonga imali;Zingasiza ukuvikela amalungelo wabo;Bangaba nezikweletu eziphansi;Izivumelwano ze {credit} ezinganaki ziyingozi kubathengi ngoba zingaholela kuzikweletu eziphezulu, njengoba abathengi banikezwa izikweletu abangakwazi ukumelana nazo;12
NCA basics;Application;MC;Yini engasiza ukuvikela izivumelwano ze {credit} ezinganaki?;i{Affordability assessments};i{Language tests};i{Medical exams};i{Qualifications check};i{Affordability assessment} isiza ukuvikela izivumelwano ezinganaki ngokuqinisekisa ukuthi umthengi umelana ne {credit} ayi aplayele. Ababolekisi kufanele benze lokhu ngaphambili unikeza i{credit};15
NCA basics;Seed;MC;Ngabe i{National Credit Act} isebenza ngani?;Imithetho nge {credit} yomthengi;Imithetho ngokuwonga;Imithetho ngama {investments};Imithetho nge {tax};Izivumelwano ze {credit} ezinganaki ziyingozi kubathengi ngoba zingaholela zikweletu eziphezulu, njengokuthi abathengi banganikezwa izikweletu abangakwazi ukumelana nazo;5
NCA basics;Retention;MC;i{NCA} iyimithetho esebenza nge:;Nge {Credit};Ngokuwonga;Ngama {Investments};Nge {tax market};i{NCA} iyimithetho esebenza nge {credit} eSouth africa. Lemithetho ithinta kakhulu abathengi nababolekisi bezimali;8
NCA basics;Retention;MC;Abobani abathintwa kakhulu i{NCA}?;Abathengi nababolekisi bezimali;Ama {tax consultants};Ama {investment bankers};Ama {tax} nama {debt collectors};i{NCA} ithinta kakhulu abathengi nababolekisi bezimali (Ama {banks}, ababolekisi abancane, izitolo ezithize njenge zezimpanhla noma izitolo ze {furniture}, {etc}.);9
NCA basics;Retention;MC;Njengomthengi, kubalulekile ukwazi nge {NCA} ngoba:;Ikusiza ukuzwisisa amalungelo wakho;Ingenza i{banking} yakho isheshise;Ingasiza ukwenza amanye ama {investments};Iyokusiza nge {tax} yakho;Kubalulekile ukwazi nge {NCA} ngoba imithetho yayo yenzelwe ukuvikela abathengi nababolekisi bezimali ukuzwisisa amalungelo abo nalokho abafanele ukwenza;12
NCA basics;Application;MC;Uma ufuna ukuaplayela i{credit}, imiphi imithetho engakusiza ukuzwisisa amalungelo wakho?;i{NCA};i{NCB};i{NCT};i{NCC};Imithetho ye {NCA} iyokuvikela nokukuqondisa uma usebenzisa umbolekisi wezimali. i{NCA} isiza abathengi ukwazi amalungelo abo uma be-aplayela nokusebenzisa i{credit};15
NCA basics;Seed;MC;i{NCA} ivikela kanjani abathengi?;Ikhuthaza ukubolekisa okufanele ;Ivimba ababolekisi bezimali ukusebenza ;Ivumela abathengi bangabhadali;Ivumela ababolekisi bezimali ukungathembeki;i{NCA} ivikela abathengi ngokubanikeza amalungelo avikelekile. Ababolekisi bezimali badinga ukuvuma nokuhlonipha lamalungelo uma banikeza i{credit};5
NCA basics;Retention;MC-AOTA;Imaphi amanye amalungelo avikelekile ku {NCA}?;Zonke ezibaliwe;Ilungelo loku aplayela i{credit};Ilungelo lokuvikelwa kubandlululo;Ilungelo lesivumelwano se {credit} ngolimi olulula;Abathengi banelungelo loku aplayela i{credit}, ukuvikelwa kubandlululo uma be aplayela i{credit}, nokuba nesivumelwano sesikweletu ngolimi olulula;9
NCA basics;Application;T/F;Kubalulekile ukwazi amalungelo wakho ku {National Credit Act} nalokho ofanele ukwenza. ;Iqiniso;Amanga;;;Njengo mthengi unamalungelo athize akuvikela ukungaphatheki kabi. Kodwa nawe unokufanele ukwenze. Kubalulekile ukwazi lokhu konke;12
NCA basics;Seed;MC;Ngokusho kwe {NCA} unelungelo loku: ;Aplayela i{credit};Aplayela amasheya;Aplayela i{tax};Aplayela ukonga;Ngokusho kwe {NCA}, abathengi bonke banelungelo loku aplayela i{credit}, ukunganaki iminyaka, umbala, inkolo noma isimo somnotho. i{NCA} ayinikezi bonke abathengi ilungelo lokunikezwa i{credit};5
NCA basics;Retention;T/F;Uma ufuna ukuaplayela i{credit}, unelungelo lokwenza njalo.;Iqiniso;Amanga;;;Uma ufuna ukuaplayela i{credit} kumbolekisi wezimali, kuyilungelo lakho. Angeke unikezwe i{credit} uma i{affordability assessment} ibonisa ukuthi angeke umelane nayo;8
NCA basics;Retention;MC-AOTA;Ababolekisi bezimali abavumelekile uku:;Zonke ezibaliwe;Ukunikeza i{credit} kubangani kuphela;Ukunikeza i{credit} kubantu bendawo ethize kuphela;Ukubandlulula ngokungafanele ;Ababolekisi bezimali abavunyelwe ukubandlulula ngokungafanele uma benikeza i{credit}. Abavunyelwe ukunikeza i{credit} kubantu bebala, inkolo noma indawo ethize kuphela;9
NCA basics;Application;MC-AOTA;Ngokwamalungelo wakho avikelekile ku {NCA}, unelungelo loku:;Zonke ezibaliwe;Aplayela isikweletu;Aplayela i{credit card};Aplayela i{vehicle financing};Unelungelo loku-aplayela noma uluphi uhlobo lwe {credit}, lokufaka nesikweletu, ama {credit cards}, i{vehicle financing} nesikweletu sendlu;15
NCA basics;Application;MC;Umbolekisi wakho wezimali akavumelekile ukukwalela i{credit} ngokubheka: ;Ibala lakho;Umlando wakho wezimali;Inani lesikweletu sakho;Ukukhokha kwesikweletu sakho manje;Umbolekisi wakho wezimali akavunyelwe ukwala ukukunikeza i{credit} ngenxa yombala wakho. Unelungelo lokuvikelwa kubandlululo uma uaplayela isikweletu;16
NCA basics;Seed;MC;Uma unganikezwanga i{credit}, unelungelo loku:;Lokutshelwa isizathu sokuthi kungani;Lutho;Ntshontshela umbolekisi wezimali;Ungabuzi nokutshelwa isizathu;Uma isicelo sakho se {credit} singavunyelwe, ungabuza umbolekisi wakho wezimali ukuthi kungani.Ngokusho kwe {NCA}, unelungelo lokutshelwa isizathu;5
NCA basics;Retention;Y/N;Uma unganikezwanga isikweletu, ungabuza i{bank} lakho isizathu bese ulindela ukutshelwa.;Yebo;Cha;;;Uma i{bank} lakho lingakunikezanga iskweletu, unelungelo lokunikezwa isizathu sokuthi kungani isicelo sakho singaphumelelanga, uma ubuza lakho;8
NCA basics;Application;MC;Uma unganikezwanga i{credit card} i{bank} lakho, ungakwazi:;Ukubuza i-bank lakho isizathu sokuthi kungani;Ungafayinwa i{bank} lakho;Buza i{bank} lakho isizathu bese ungaphendulwa;Buza i{bank} lakho isizathu bese unganakwa;Uma unganikezwanga i{credit card} i{bank} lakho, ungabuza i{bank} lakho isizathu sokuthi kungani bakhethe ukungakunikezi i{credit} kanti ulindele impendulo;15
NCA basics;Seed;MC;Liyini elinye lamalungelo wakho avikelekile ku {NCA}?;Ukuba nesivumelwano se {credit} ngolimi olulula;Ukungabi nesivumelwano se {credit};Ukuba nesivumelwano se {credit} esihlangahlangane;Ukuba nesivumelwano se {credit} esididayo;Elinye lamalungelo avikelekile ku {NCA}, ukuba nesivumelwano se {credit} ngolimi olulula. Lapho kusho ukuthi ungazwisisa isivumelwano kalula;6
NCA basics;Retention;MC;Uma isivumelwano se-credit sibhalwe ngolimi olulula sifanele:;Silula ukusizwisisa;Sinzima ukusizwisisa;Sidida kakhulu;Sinzima ukusifunda;Uma isivumelwano se {credit} sibhalwe ngolimi olulula, sifanele sibelula ukusizwisisa kanti sibenzisa ulimi olulula. Ulimi olulula aluhlangahlangene noma ligcwele amagama anzima;9
NCA basics;Retention;MC;Kungani kubalulekile ukuthi isivumelwano se {credit} sibe ulimi olulula?;Sikusiza ukwazi ukuthi yini oyivumayo;Senza kubenzima kuwe ukuzwisisa;Siyakudida;Senza i{credit market} ingabonakali kahle;Kubalulekile ukuthi isivumelwano se {credit} sibe ngolimi olulula ngoba kusho ukuthi ungakwazi ukuzwisisa lokho okuvumayo uma usi{sign}a;11
NCA basics;Application;MC;Ngaphambili koku{sign}a isivumelwano se {credit}, kufanele njalo uqiniseke ukuthi:;Usizwisisa sonke kahle;Uzwisisa okunye kwaso;Uzwisisa okuningi kwaso;Awusizwisisi;Uma u{sign}a isivumelwano se {credit}, uqinisekisa ukuthi uyasizwisisa sonke kahle. Ulimi lwesivumelwano kufanele lube lula ukuzwisisa;15
NCA basics;Seed;T/F;Elinye lamalungelo wakho avikelekile ku {NCA}, ilungelo lokuthola ikhophi yamahala yesivumelwano se {credit}.;Iqiniso;Amanga;;;Elinye lamalungelo wakho ku {NCA} ukuthola ikhophi yamahala yesivumelwano se {credit} kumbolekisi wezimali uma sewusayinile;5
NCA basics;Retention;MC;Uma u{sign}a isivumelwano se {credit} nombolekisi wezimali unelungelo loku: ;ikhophi yamahala yesivumelwano se {credit};Ukungatholi ikhophi yamahala yesivumelwano;Thola ikhophi e{half} yesivumelwano se {credit};Bhadala ikhophi yakho yesivumelwano se {credit};Uma u{sign}a isivumelwano se {credit} nombolekisi wezimali, unelungelo lokuthola ikhophi yamahala yesivumelwano;8
NCA basics;Retention;MC-AOTA;Kungani kubalulekile ukuthola ikhophi yamahala yesivumelwano sakho se {credit}?;Zonke ezibaliwe;Ungayibheka uma unemibuzo ngemali;Ungayisebenzisa ukubona ukubhadalwa kwesikweletu;Ungaqiniseka ukuthi uyazi izimfuneko zokubhadala;Ungasebenzisa ikhophi yamahala yesivumelwano se {credit} ukuphendula imibuzo ngemali oyikhokhayo, ukubona lapho isikweletu sakho siyobhadalwa nokuqinisekisa ukuthi uyazi izimfuneko zesikweletu;13
NCA basics;Application;MC;Kufanele wenzeni ngekhophi yakho yesivumelwano se {credit}?;Igcine kundawo ephephile;Ibhadale;Imoshe;Inike kumuntu ongamazi;Uma u{sign}a isivumelwano se {credit} qinisekisa ukuthi uthola ikhophi yaso, akufanele umbolekisi wezimali akubhadalise ikhophi. Uma isivumelwano s i{digital} qiniseka ukuthi uyakwazi ukusithola;15
NCA basics;Seed;MC;Uma uaplayela i{credit}, elinye lamalungelo wakho avikelekile u:;Ukuthi ulwazi lwakho lwezimali lube imfihlo ;Ukuthola ubandlululo;Ukunganikezwa isivumelwano se {credit};Ukubhadala ikhophi yesivumelwano se {credit};Uma uaplayela i{credit}, i{NCA} ithi elinye lamalungelo wakho avikelekile iwukuba ulwazi lwako ngokwezimali lihlale liyimfihlo;5
NCA basics;Retention;T/F; Ngokusho kwe {NCA}, umbolekisi wezimali kufanele enze i{affordability assessment} ngaphambili kokunikeza isikweletu.;Iqiniso;Amanga;;;i{National Credit Regulator}, ngokwaziswa imithetho ye {National credit Act} ifuna ababolekisi bezimali ababhalisiwe benze ama {affordability assessments} kulabo abafaka izicelo;8
NCA basics;Retention;MC;Kufane wenzeni njengomthengi uma uaplayela i{credit}?;Iba neqiniso ngolwazi lwakho lwezimali;Qamba amanga ngezibopho zakho zezimali;Qamba amanga ngesikweletu;Ungabi neqiniso ngomholo wakho;Uma uaplayela i{credit}, njengomthengi kufanele utshele umbolekisi wezimali ngazo zonke izibopho zakho zemali;9
NCA basics;Retention;MC;Yini engafanele ukuthi umbolekisi wezimali ayenze uma enza i{affordability assessment}?;Atshele wonke umuntu ngezimali zakho ;Abheke isikweletu sakho;Abheke ama {payslips} wakho;Abheke umholo wakho;Umbolekisi wezimali akavunyelwe ukutshela abantu ngezimali zakho. Abavunyelwe ukwabelana ngolwazi lwakho lwezimali, ngaphandle kwezizathu ezithize;11
NCA basics;Application;MC-AOTA;Unikeza isitolo sezimpahla i{payslip} yakho uma uvula i{account}. Isitolo asikwazi:;Zonke ezibaliwe;Abelana ngolwazi nomphakathi;Abelana ngolwazi nabantu abangaziwa;Abelana ngolwazi nabathengi;Unelungelo elivikelekile ukuthi ulwazi lwakho luphathwe ngokwemfihlo. Ababolekisi bezimali abakwazi ukwabelana nabanye, ngaphandle kwezizathu ezithize;16
NCA basics;Seed;MC;Ngaphambili koku{sign}a isivumelwano se {credit}, kukuwe ukuqinisekisa ukuthi____________;Uzwisisa yonke imininingwane;Iba nenkulumo ekhululekile;Uswenkile {strong};Bandlulula umbolekiksi wezimali;Kanye namalungelo wakho, unezibopho uma kuza kuzivumelwano ze {credit}. Ezinye zazo ukuqinisekisa ukuthi uzwisisa yonke imininingwane ngaphambili koku{sign}a;5
NCA basics;Retention;Y/N;Ngabe Kufanele ubhekisise ukuthi uzwisisa yonke imininingwane ngaphambili koku{sign}a isivumelwano se {credit}?;Yebo;Cha;;;Ngaphambili koku{sign}a isivumelwano se {credit}, qinisekisa ukuthi uzwisisa konke okulindelwe kuwe nombolekisi wezimali, ukufaka amalungelo wakho nokufanele ukwenze;9
NCA basics;Retention;MC;Uma ungazwisisi okuthize kusivumelwano se {credit}, kufanele:;Buza ngayo ngaphambili koku{sign}a;Qagela ukuthi kusho ukuthini;Ungakunaki;Buza ngayo uma sewusayinile;Uma ungazwisisi okuthize kusivumelwano se {credit}, kufanele ucele incazelo. Ungasayini isivumelwano se {credit} uma kunokuthize ongakuzwisisi;10
NCA basics;Application;MC;Uku{sign}a into ongayizwisisi kuyingozi ngoba:;Kungaba nezindleko ongazihlelanga;Ungawonga imali;Ungenza ama {investments} amahle;Ungaya ejele;Ukungazwisisi isivumelwano sakho se {credit} kuyingozi ngoba kungenza uzibophe ngezindleko ongazihlelanga. Uma uzwisisa konke, akuna zimanga;16
NCA basics;Seed;MC;Iyini i{credit limit}?;Ubuningi benani le {credit} ongayisebenzisa;Ubuncane benani le {credit} umuntu angayisebenzisa;Uhlobo lwesikweletu somuntu;i{Savings account};i{Credit limit} iwubuningi benani le {credit} elinikezwa ngumbolekisi wezimali kumthengi. Ngokujwayelekile i{credit limit} yakho ihambisana nomlando wakho we {affordability} ne {credit};4
NCA basics;Retention;MC;Uma une {credit} , i{credit} yokulinganisa iwu_____;Ubuningi bemali okwazi ukuyisebenzisa ku {card};Ungasebenzisa ubunigi bemali oyifuna;Akufanele ubhadale izikweletu zakho;Angeke usebenzise i{credit} ethize;Uma i{credit card} yakho ine {credit} yokulinganisa, kusho ukuthi ungasebenzisa inani lemali ekulo kuphela, {i}.{e} i{credit limit} yakho iwu {R5000}, ungasebenzisa {R5000} kuphela;8
NCA basics;Retention;T/F;EIinye lamalungelo wakho avikelekile, IiwukwaIa uma umbolekisi wezimali efuna ukwandisa i{credit} yakho yokulinganisa.;Iqiniso;Amanga;;;i{NCA} ithi ungakwala ukuthi i{credit} yokulinganisa yakho iyandiswe umbolekisi wezimali, uma ungakhululekanga ngayo;9
NCA basics;Application;MC-AOTA;Kungani kubalulekile ukwazi ukwala ukwandiswa kwesilinganiso se {credit}?;Zonke ezibaliwe;Ingasiza ukuvikela izikweletu eziphezulu;Ikugcina ukuthi ulawule izimali zakho;Ikusiza ukugcina isikweletu siphatheke kahle ;Kubalulekile ukwazi ukwala ukwandiswa kwesilinganiso se {credit} ngoba kusho ukuthi usebenzisa i{credit} okhululekile ngayo kuphela kanti okwazi ukuyi bhadala;16
NCA basics;Seed;T/F;Ukuba ezikweletini eziphezulu ilapho ungakwazi ukuhlangabezana nezibopho zakho zemali.;Iqiniso;Amanga;;;Izikweletu eziphezulu isimo sezimali lapho umuntu engakwazi ukumelana nokubhadala izikweletu zakhe njalo. Lokho kungaholela umuntu kakhulu esikweletini uma isikhathi sihamba;4
NCA basics;Retention;MC;Yini engabangela izikweletu eziphezulu?;Zonke ezibaliwe;Ukusho okuphezulu komholo wakho;Ukusebenzisa imali ngokunganaki;Ukuqamba amanga ngezindleko zakho;Ziningi izimbangela zezikweletu eziphezulu, njengoku qamba amanga ngomholo wakho nokuthi zingakanani izindleko zakho uma ugcwalisa ifomu yesicelo;9
NCA basics;Application;MC;Ufuna ukuthatha isikweletu. Kufanele umbolekisi wezimali enze:;i{Affordability assessment};i{Language test};i{Police clearance test};i{Internal audit};Uma uzothatha isikweletu, kufanele umbolekisi wakho wezimali enze i{affordability assessment} ukuqinisekisa ukuthi ungakwazi ukumelana naso;15
NCA basics;Seed;MC;Iyini i{debt review}?;Umthetho osiza ngezikweletu eziphezulu;Indlela yokwenza esinye isikweletu;Indlela yokuwonga kakhulu;Indlela yokuthola ezinye izikweletu;i{Debt review} iyindlela esemthethweni yokuthola usizo uma abathengi banenkinga yesikweletu esiphezulu;4
NCA basics;Retention;MC;Kwezilandelayo yini enzeka ku {debt review}?;Umthengi uyabikwa ukuthi unesikweletu esiphezulu;Izikweletu zomthengi ziyabhadalwa;Umthengi unikezwa ezinye izikweletu;Umthengi uyafayinwa;Ngesikhathi se {debt review}, umthengi ubikwa ngokomthetho ukuthi unezikweletu eziphezulu kanti i{debt counsellor} ibasiza ukulawula izimali zabo;8
NCA basics;Retention;T/F;Noma ubani angaba i{debt counsellor};Amanga;Iqiniso;;;Akunoma ubani ongakwazi ukuba i{debt counsellor}. Ama {debt counsellors} eSouth Africa kudingeka babhaliswe ku {NCR}.;9
NCA basics;Retention;MC;Ngokujwayelekile, ama {debt counsellors} enzani kubathengi?;Enza uhlelo olusha lokubhadala;Babhadala izikweletu zabo zonke;Ukufayina umthengi;Nikeza umthengi isikweletu;i{Debt counsellor} iyokwenza uhlelo olusha lokubhadala komthengi. Bayofanele ukukhuluma nombolekisi wezimali bese babone uma evumelana nohlelo olusha lokubhadala.;9
NCA basics;Retention;MC;Ukuthi enze uhlelo olusha lokubhadala lisebenze, umbolekisi wezimali kufanele________;Athole i{Court order};Abhadale umthengi;Afayine umthengi;Anikeze umthengi isikweletu;Uma uhlelo olusha lokubhadala lenziwe, i{debt counsellor} iyodinga ukuthola i{court order} ukuqinisekisa uhlelo olusha.;9
NCA basics;Retention;T/F;Ababolekisi bezimali badinga ukuvuma uhlelo olusha lokubhadala ngaphambili kokuthi liqhubeke.;Iqiniso;Amanga;;;i{Debt counsellor} kudingeka ikhulume nombolekisi wezimali ukubona uma bevumelana nohlelo olusha lokubhadala.;9
NCA basics;Retention;MC;Ku {debt review}, kwenzekani uma umbolekisi wezimali angavumelani nohlelo olusha lokubhadala?;Indaba iya ku {magistrate}'{s} {court};Umthengi kufanele abhadale nje;i{Debt counsellor} iyofayinwa;Umbolekisi wezimali uyokhansela ukubhadala;Uma umbolekisi wezimali angavumelani nohlelo olusha lokubhadala, indaba kufanele iye ku {magistrate's court}.;9
NCA basics;Retention;MC;Uma ungaphansi kwe {debt review}, awukwazi:;Ukuthola i{credit};Ukubhadala;Ukuwonga imali;Ukusebenzisa i{debit card} yakho;Uma ungaphansi kwe {debt review}, awukwazi ukuaplayela i{credit} noma unikezwe i{credit} ababolekisi bezimali abasemthethweni.;10
NCA basics;Application;MC;Uma uhlulwa izikweletu eziphezulu. Ungakwazi ukubona: ;i{Debt counsellor};uMashonisa ;i{Debt helper} ;i{SARS};Ngokusho kwe {NCA}, uma uhlulwa isikweletu, ungabona i{debt counsellor}. Ama {debt counsellors} akusiza ukulawula izimali nokuthola indlela yokubhadala izikweletu zakho. ;15
NCA basics;Seed;T/F;Isivumelwano se {credit} esinganaki ilapho i{affordability assessment} ingayenzwanga ngaphambili kokunukeza i{credit}.;Iqiniso;Amanga;;;Isivumelwano se {credit} esinganaki ilapho umbolekisi wezimali angenzi i{affordability assessment} ngaphambili kokunukeza i{credit} kumthengi. ;5
NCA basics;Retention;MC;Uma umbolekisi wezimali anikeza i{credit} kumthengi azi ukuthi akakwazi ukumelana nayo, ibizwa ukuthi: ;Isivumelwano se {credit} esinganaki;Isivumelwano se {credit} esimbi;Isivumelwano se {credit} esikhwabanisiwe;Isivumelwano se {credit} esiphekiwe;Uma umbolekisi wezimali enza i{affordability assessment}, kodwa anganaki imiphumela bese anikeza i{credit} kumthengi ongakwazi ukumelana naso, isivumelwano sithathwa njenge singanaki. ;9
NCA basics;Retention;MC-AOTA;Ingabe i{NCA} iqonde ukuvikela abathengi kanjani kuzivumelwano ze {credit} ezinganaki?;Zonke ezibaliwe;Ngokufuna i{affordability assessment} yenziwe;Ngokwehlwaya ukuboleka okunganaki;Ngoku khuthaza izivumelwano ngolimi olucacile;i{NCA} iqonde ukuvikela abathengi ngokwenza ababolekisi bezimali ukuthi benze i{affordability assessment}, engakwazi ukusiza ukuvikela abathengi ukuba nezikweletu ezingaphezulu ;11
NCA basics;Retention;MC;Kwenzekani uma isivumelwano se {credit} sitholakala singanaki?;Isivumelwano singamiswa noma sibekelwe eceleni;Umthengi uyafayinwa;i{Debt counsellor} iyafayinwa;Isivumelwani se {credit} silandelwa njengoba sinjalo;Uma isivumelwano se {credit} sitholakala singanaki, isivumelwano singamiswa noma sijikwe ngendlela yokuthi izibopho zomthengi zingasa landelwa. ;9
NCA basics;Application;MC;Ubani othatha isinqumo ukuthi isivumelwano se {credit} asinaki?;Inkantolo;Umthengi;i{Debt counsellor};Umbolekisi wezimali;Inkantolo kuphela ethatha isinqumo ukuthi isivumelwano se {credit} asinaki noma cha. Akuyena umthengi noma umbolekisi wezimali abangathatha isinqumo ngokwabo.;17
CPA basics;Seed;MC-AOTA;i{Consumer Protection Act} izama ukukhuthaza:;Zonke ezibaliwe;Ubudlelwano bomthengi ne {supplier} obulungile;Ubudlelwano bomthengi ne {supplier} bungena mfihlo;Ukwenza ibhizinisi kahle;i{CPA} iqonde ukukhuthaza ubudlelwano obulungile nobungena mfihlo phakathi kwabathengi nama {suppliers}, kanye nokwenza ibhizinisi kahle kwama {suppliers}.;5
CPA basics;Retention;MC;Ubani othintwa i{Consumer Protection Act} kakhulu?;Abathengi nama {suppliers};Ababolekisi bezimali nabathengi;Ama {bankers} nama {banks};Abathengi nama {tax officials};i{CPA} ithinta abathengi nama {suppliers} kakhulu. Bobabili, ama {suppliers} nabathengi badinga ukuvuma nokuhlonipha lemithetho uma basebenzisana.;8
CPA basics;Retention;MC;Ngokusho kwe {Consumer Protection Act} iyini i{supplier}?;Ibhizinisi elithengisa ngezimpahla noma amasevisi;Ibhizinisi elisebenzisa ama {products} namasevisi; Umuntu osebenzisa ama {products} noma amasevisi;i{Bank};i{Supplier}, ibhizinisi noma inhlangano/inkampani enikezela ngama {products} noma amasevisi kubanye bese ibabiza imali yalama sevisi.;9
CPA basics;Application;MC;Imiphi imithetho esebenzayo kuwe uma uthenga? ;i{CPA};i{CPC};i{CPT};i{CBB};i{Consumer Protection Act} ({CPA}) imithetho evikela abathengi uma basebenzisa ama {suppliers}. Imithetho yaku {CPA} idinga ukuvunywa nokuhlonishwa yibo bobabili abathengi nama {suppliers}.;15
CPA basics;Application;MC;I-CPA iqonde ukuvikela abathengi ku:;Ukuhlukunyezwa nokungathembeki kwama-suppliers;Ukubhadalela kokuthengile;Ukunaka uma uthenga izinto;Ukuthenga nokusebenzisa yonke imali yabo;i{Consumer Protection Act}({CPA}) ivikela abathengi ukuhlukunyezwa nokungathembeki kwama-suppliers. Futhi i{CPA} ivumela abathengi ukwazi amalungelo wabo nalokho abafanele bakwenze uma bathenga.;17
CPA basics;Seed;MC;Imithetho ebeka okujwayelekile nezinga lokuvikeleka kwabathengi i: _____;i{CPA};i{NCA};i{ACP};i{ANC};Inhloso ye {Consumer Protection Act}({CPA}) iwukukhuthaza ubudlewano obulungile nobuhle kubathengi nama {supplier}, nokwenza imikhuba emihle yebhizinisi.;5
CPA basics;Retention;Y/N;Ingabe kuvumelekile kuma {suppliers} ukunganaki amalungelo abathengi?;Cha;Yebo;;;Ama {suppliers} awakwazi ukunganaki amalungelo anikezwe abathengi i{Consumer Protection Act}({CPA}). Kufanele bayazi, bahloniphe kanti bayigcine lemithetho uma besebenzisana nabathengi.;9
CPA basics;Application;T/F;Ukwazi amalungelo wakho wokuba umthengi kungakusiza ukwazi ukuzivikela ukuthi kungadlalwa ngawe.;Iqiniso;Amanga;;;Kubalulekile ukwazi amalungelo wakho nalokho ofanele ukwenze njengoba kushiwo y i{Consumer Protection Act} ukuthi wazi okulindelekile kuwe namabhizinisi othenga kuwo. ;12
CPA basics;Application;T/F;Wena njengomthengi awunawo amalungelo uma uthenga ama {products} noma usebenzisa amasevisi.;Amanga;Iqiniso;;;Njengomthengi unamalungelo onikezwe yi{Consumer Protection Act}({CPA}) uma uthenga ama {products} noma usebennzisa amasevisi.;15
CPA basics;Seed;MC-AOTA;Ngokusho kwe {CPA}, yini i{supplier} engakwazi ukuyenza?;Zonke ezibaliwe;Ukwala ukuthengisela umuntu wobulili obuthize;Ukwala ukuthengisela umuntu wombala othize;Ukwala ukuthengisela umuntu wolimi olithize;Ngokusho kwe {CPA}, ama {suppliers} awakwazi ukubandlulula abathengi ngokobulili, umbala, ulimi, inkolo, ukukhubazeka, isimo somshado noma ngesizathu esithize. ;6
CPA basics;Retention;MC;Uma ucabanga ukuthi i{supplier} iyabandlulula, unelungelo lo:;Ukwenza isikhalazo;Ukungabhadali ama {products};Mosha izinto esitolo;Yenza ngokunganaki ngama {products};Uma ucabanga ukuthi i{supplier} iyabandlulula, unelungelo lokufaka isikhalazo ku {National Consumer Commission} mayelana ne {supplier}.;11
CPA basics;Retention;MC;i{National Consumer Commission} ingakusiza uma:;Ubona ngathi i{supplier} inobandlululo;Awukwazi ukubhadala isikweletu;Unesikweletu esiningi;Udinga ukuthola i{credit card};Inkantolo yezokulingana noma i{National Consumer Commission} ingakusiza uma ucabanga ukuthi i{supplier} ibandlulula abathengi.;12
CPA basics;Application;MC;i{Supplier} ikutshela ukuthi angeke ikuthengisele ngenxa yombala wakho. Lokhu :;Ubandlululo;Ubandlululo olulungile;Kuvunyelwe ngumthetho;Kuvunyelwe i{CPA};i{Supplier} ayikwazi kungakuthengiseli ama {product}s noma anikele ngamasevisi kuwe ngokwendawo ozalelwe kuyo. Lokhu, ubandlululo.;16
CPA basics;Seed;MC;Iyini i{direct marketing}?;Uma i{supplier} adivatayiza kuwe ngokuqondile;Uhlobo lwe {supplier};Uhlobo lwesikweletu;Uhlobo lwebhizinis i{e}-{online};i{Direct marketing} iwuhlobo lokuadivatayiza, lapho amabhizinesi afika kubathengi ngama {emails}, ama {SMS}, izincwadi noma ukufona ukuze kuthengiswe ama {products} noma amasevisi.;3
CPA basics;Retention;MC-AOTA;i{Direct marketing} yenziwa:;Zonke ezibaliwe;Ama {marketing emails};Ama {marketing SMS};Ama {marketing flyers};i{Direct marketing} yenziwa ngokusebenzisa ama {emails}, ukufona nezincwadi. ;11
CPA basics;Retention;MC;Uma ungafuni ukuthola i{direct marketing}, ungakhetha uku:;Ukuthi cha kumilayezo ye {direct marketing};Ungabhadali izikweletu zakho;Ukungaphenduli ama {emails} wakho;Ukungakhiphi izincwadi ku {box} lakho leposi;Unelungelo lokutshela ama {suppliers} (njenge zitolo nama {service providers}) ongafuni ukuthola i{directing marketing} evela kubo. Ngakho-ke ama {suppliers kufanele akuhloniphe.;10
CPA basics;Retention;Y/N;Ungakhetha ukuthola noma ukungatholi i{direct marketing}.;Yebo;Cha;;;Ngokusho kwe {Consumer Protection Act} ungakhetha ukuthi uthola kanjani i{direct marketing} (uma ufuna ukuyithola)-isibonelo, ngokwe {email}, {SMS} noma ngefoni.;10
CPA basics;Application;MC;Ungenza kanjani uma ungasafuni ukuthola ama {SMS} we {direct marketing}?;Ungakhetha ukuphuma;Qhubeka uwathole ngoba awukwazi ukuphuma ;Hambisa i{supplier} enkantolo yezokulingana;Hamba uye enkantolo ka{ magistrate};Uma ungasafuni ukuthola ama {SMS} we {direct marketing}, kufanele ukwazi ukukhetha ukuphuma kuwo. Lokhu kwenzeka ngoku thumela umlayezo okhetha ukuphuma ku {supplier} eqondene nayo.;15
CPA basics;Seed;MC;Elinye lamalungelo wakho ku {CPA}, ilungelo lakho uku_____;Ukukhetha i{supplier} ngokwakho;Ufune intengo ephansi kuma {suppliers};Umoshe ama {products} ungawabhadali;Uqambe amanga nge {supplier};Ngokusho kwe {Consumer Protection Act}, unelungelo lokukhetha lapho uthenga khona izinto - noma ngamanye amagama, ilungelo lokukhetha i{supplier} ofuna ukuyisebenzisa.;6
CPA basics;Retention;MC;Uma ungakhululekanga ngesivumelwano ne {supplier}, ungakwazi:;Ukukhetha ukwala bese uthola enye i{supplier};Cela ukungabhadali ama {products} noma amasevisi;Iba neqiniso uma uvuma izinto;Cela ukwehliselwa;Uma ungakhululekanga ngesivumelwano osi aplayele ne {supplier}, unelungelo lokwala bese ukhetha enye i{supplier} okhululekile ngayo.;13
CPA basics;Application;MC;Yini evumelekile ukuyenza uma ungasafuni ukuthenga esitolo esithize?;Khetha ukuya kwesinye;Cela isitolo se {grocery} sikwehlisele;Cela isitolo se {grocery} isikweletu;Ungasabhadali i{grocery} esitolo;Uma ungasafuni ukuthenga esitolo esithize, unelungelo lokukhetha esinye isitolo.;15
CPA basics;Seed;MC;Yini isivumelwano se {fixed term}?;i{Contract} ehlala isikhathi esithize;i{Contract} engaphelelwa isikhathi;i{Contract} engeke ikwazi ukukhanselwa;i{Contract} engeke iphele;Isivumelwano se {fixed term} siyi{contract} ehlala isikhathi esithize, njenge zinyanga eziwu {12} noma izinyanga eziwu {24};5
CPA basics;Retention;MC;Isivumelwano se {fixed term} kufanele sibe:;Ne {date} yokuqala neyokugcina kwaso ;Singabi nawo ama {dates};Singabi nayo i{date} yokugcina kwaso;Singabi nayo i{date} yokuqala kwaso;Isivumelwano se {fixed term} sidinga ukuba ne {date} yokuqala neyokugcina kwaso ecacile. isivumelwano se {fixed term} asikwazi ukungabi ne {date} yokugcina kwaso.;9
CPA basics;Retention;MC;Yini isikhathi esiphezulu sesivumelwano se {fixed term}? ;Izinyanga eziwu {24};Iminyaka ey i{100};Esingapheli;Singaphela uma ufuna;Ngokusho kwe {CPA}, izivumelwano ze {fixed term} kufanele zihlale okungaphezulu izinyanga eziwu {24}. Ungakwazi, kodwa, ukuvuma isivumelwano se {fixed term} eside uma ufuna.;9
CPA basics;Retention;MC;Njengomthengi, unelungelo loku:;Khansela isivumelwano se {fixed term};Ukungabhadali izikweletu;Ungakwazi ukukhansela isivumelano se {fixed term};Ukuphoqeleka kuzivumelwano ezengeziwe ;Ngokusho kwe {CPA} kanye nelungelo lokukhetha, abathengi banelungelo lokukhansela noma bavuselele izivumelwano ze {fixed term}. ;9
CPA basics;Retention;MC;Kuzivumelwano ze {fixed term}, iyini iphenalthi yokukhansela?;Imali ebhadalwa uma kuqedwa isivumelwano masinyane;i{Contract} ekhethekile;Uhlobo lwe {Credit};Umthetho ku {CPA};Iphenalthi inani lemali elidinga ukubhadalwa njenge fayini. Uma umthengi ekhansela isivumelwano se {fixed term} ngaphambili kokuthi siphele, banga bhadala iphenalthi.;9
CPA basics;Retention;MC;Uma ukhansela isivumelwano se {fixed term} singaka pheli, yini ofanele ukuyenza?;Bhadala iphenalthi;Umsebenzi womphakathi;Uya ejele ;Bhadala i{tax} engeziwe;Uma ukhansela isivumelwano se {fixed term} ngaphambili kokuphela kwaso, ungabizwa imali yephenalthi i{supplier}. Lenhlobo yephenalthi ijwayelekile uma isivumelwano sikhanselwa masinyane. ;10
CPA basics;Retention;MC;Uma ufuna ukukhansela isivumelwano se {fixed term}, udinga ukunikeza i{notice} yamalanga amangakhi?;Amalanga awu {20} okusebenza;Amalanga awu {5} okusebenza;Amalanga awu {0} okusebenza;Amalanga ayi {100} okusebenza;Uma ufuna ukukhansela isivumelwano se {fixed term} singakapheli, udinga ukunikeza i{supplier} i{notice} yamalanga awu {20} okusebenza. Noma ngabe uyakwenza lokhu ungabizwa imali yephenalthi. ;9
CPA basics;Application;Y/N;i{Contract} yakho ye {cellphone} iphelile kanti awufuni ukuyivuselela. Kufanele ubizwe imali yephenalthi?;Cha;Yebo;;;Ezinye izivumelwano ze {fixed}-{term} ziyazivuselela uma zifika ekugcineni kwe {term}. Kodwa uma ufuna ukusikhansela ngokuphelele uma sesiphelile, akufanelanga ubizwe imali yephenalthi.;15
CPA basics;Application;MC;Ufuna ukukhansela i{contract} yakho ye {internet} ingakapheli. i{Supplier} yakho ingenzani?;Ikubize imali yephenalthi;Ingakuvumeli ukukhansela;Ingakhanseli isivumelwano;Ithathe i{TV} yakho;Uma ufuna ukukhansela i{contract} yakho ye {internet} ingakapheli, i{supplier} yakho ingakubiza imali yephenalthi.;15
CPA basics;Seed;Y/N;Uma ufuna ukulungisa noma isevisi yokugcina yenziwe, ungakwazi ukucela i{supplier} i{quote}? ;Yebo;Cha;;;Umthengi uvumelekile ukucela i{supplier} i{quote} ebhaliwe ngaphambili kokwenza isinqumo sokuthi noma ufuna ukusebenzisa i{supplier} noma athole isevisi noma ukulungisa kwenziwe. ;4
CPA basics;Retention;MC;Ingabe i{supplier} ayivunyelwe ukwenzani?;Ukwenza umthengi abhadale i{quote};Ukunikeza umthengi i{quote};Ukunikeza umthengi i{quote} ebhalwe phansi;Thumela i{quote} nge {email} kumthengi;i{Supplier} ayivunyelwe ukubhadalisa umthengi i{quote}, uma ayicela.;8
CPA basics;Retention;MC;Uma umthengi anikezwa i{quote} yokulungisa noma isevisi, anga:;Khetha ukungenzi ukulungisa noma isevisi;Enza ukuthi isevisi yenziwe kanti ungabhadali;Enza ukuthi kulungiswe kanti ungabhadali;Enza ukuthi isevisi nokulungisa kwenziwe kanti ungabhadali;Uma umthengi enikeziwe i{quote}, angakhetha ukuthi uyathanda ukulungisa noma isevisi yenziwe noma cha. Bavumelekile ukukhetha ukuthi kungenziwa lutho. ;8
CPA basics;Retention;T/F;Kufanele i{supplier} ithole imvume yakho ebhalwe phansi ngaphambili kokwenza umsebenzi wokugcina/ukulungisa?;Iqiniso;Amanga;;;Kufanele i{supplier} itshele umthengi ngaphambili kokulungisa noma ukwenza isevisi. Abakwazi ukwenza ukulungisa/isevisi bese babiza imali, uma bangazange bazise umthegi mayelana nokulungisa/nesevisi.;8
CPA basics;Retention;MC;Yini okufanele umthengi akwenze ngaphambili kokuthi i{supplier} yenze ukulungisa noma isevisi?;Anikeze imvume yokulungisa noma isevisi;Angavumelani nokulungisa noma isevisi;Angaceli i{quote};Angahleli ukubhadala i{supplier};Umthengi udinga ukutshelwa ngaphambili kokuthi i{supplier} yenze ukulungisa noma isevisi kanti umthengi udinga ukuvuma ukuthi ukulungisa noma isevisi ingakwazi kanti kufanele yenziwe.;8
CPA basics;Application;Y/N;Ingabe umakhi udinga ukukwazisa ngaphambili kokulungisa indlu yakho? ;Yebo;Cha;;;Noma yiphi i{supplier}, njengomakhi, udinga ukukwazisa ngaphambili kokwenza ukulungisa noma isevisi. Uma bangakwazisi, awukwazi ukubizwa imali. ;16
CPA basics;Seed;T/F;Ungakwazi ukwala ukuthenga ama {products} wokubukisa noma asevuliwe ngaphambilini.;Iqiniso;Amanga;;;Njengomthengi unelungelo lokwala ukuthenga ama {products} asetafuleni lokubukisa, ku {mannequin} noma ku into efanayo ethatha ubusha bama {products} ;5
CPA basics;Retention;MC;Uma unikezwa i{product} evuliwe ungaphikelela ukuthi ishintshwe nge:;Engavulwanga;Ebiza kakhulu;i{Product} ehlukile ;Ntshontsha i{product};Uma i{supplier} (njenge sitolo noma umkhiqizi) akunikeza i{product} evuliwe, kuyilungelo lakho ukwala leyo {product} bese ucela engakavulwa.;8
CPA basics;Retention;T/F;Unelungelo lokuhlola izimpahla ezilethiwe kuqala, ngaphambili kokuzimukela. ;Iqiniso;Amanga;;;Uma ama {products} alethiwe kuwe, unelungelo lokubheka nokuqinisekisa ukuthi awamoshekanga noma alungile, ngaphambili koku{sign}a. ;8
CPA basics;Retention;MC;Ungenzani uma izimpahla ozithengile zimoshakele?;Zibuyisele emuva bese ucela ukubuyiselwa imali;Fayina i{supplier};Qamba amanga ngokuthengile;Bizwa imali engeziwe yi {supplier};Uma uthenga izimpahla ezimoshakele, unelungelo loku zibuyisela ku {supplier} bese ucela ukubuyiselwa imali, uma nje kungewena ozimoshile (lokhu kudinga ukwenziwa ngesikhathi esithize). ;8
CPA basics;Retention;Y/N;Ngabe kufanele ama {suppliers} anikeze abathengi isikhathi sokuhlola ama {products} athengiwe noma alethiwe. ;Yebo;Cha;;;Kufanele ama {suppliers} anikeze abathengi ithuba lokuhlola ama {products} alethiwe ukuqinisekisa ukuthi awamoshekanga, awalungile noma asezingeni elibi.;9
CPA basics;Retention;MC;Uma ulethelwa ama {products} angalungile, ungakwazi:;Uwabuyisele emuva;Qamba amanga ngokulethiwe;Cela i{supplier} ama {products} wamahala ;Bizwa imali engeziwe yi {supplier};Uma umthengi alethelwa impahla esezingeni elibi, engalungile noma emoshakele, angakwazi ukuyi buyisela ku {supplier} bese acela ukubuyiselwa imali (Lokhu kudinga ukwenziwa ngesikhathi esithize).;8
CPA basics;Retention;MC-F;Ungenziwa ukuthi ubhadale i{product} obengeke uyithenge uma u_____;Uma umosha ama {products} ngamabomu;Ungcolisa esitolo;Ubonakala uthanda ama {products};Zonke ezibaliwe;i{Supplier} ingabiza imali yokulahlekelwa noma ukumoshakala kwempahla kubathengi uma bemosha izinto ngamabomu, noma uma bamosha izinto ngokwenza banganaki. ;9
CPA basics;Application;MC;Kufanele wenzeni uma uthenge ihembe elibhobokile?;Libuyisele ku {supplier};Cela amahembe amathathu wamahala;Cela ukwehliselwa kuzo zonke izimpahla;Ntshontsha okuthize ku {supplier} kamuva;Uma uthenga ihembe, noma enye i{product} emoshakele noma engalungile ngendlela ethize, ungakwazi ukuyibuyisela ku {supplier} bese ucela ukubuyiselwa imali (Lokhu, ukwenziwa ngesikhathi esithize).;16
CPA basics;Seed;T/F;Unelungelo lokuthola isivumelwano ngolimi olulula.;Iqiniso;Amanga;;;Unelungelo lokucela i{contract} noma isivumelwano ngolimi lulula, noma ngamanye amagama, indlela yokubhala elula ukuyizwisisa.;6
CPA basics;Retention;MC;Ama {suppliers} (ukufaka izitolo) kufanele ba:;Babonakalise izintengo zama {products} ngokucacile;Bafihle izintengo zama {products};Bavale izintengo zama {products};Bangatsheli abathengi izintengo zama {products};Kufanele ama {suppliers} abonakalise ngokucacile izintengo endaweni lapho abathengi bazozibona khona. Abakwazi ukufihla noma ukuvala izintengo. ;8
CPA basics;Retention;MC;Kufanele ama {suppliers} enzeni uma beadivathayiza i{sale} noma i{promotion}?;Bonakalisa i{date} yokuqala nokugcina ngokucacile;Akunikeze ukwehliselwa okukhethekile;Afihle i{date} yokuqala;Afihle i{date} yokugcina;Kufanele ama {suppliers} abonakalise ngokucacile i{date} yokuqala nokugcina kwama {sales} noma ama {promotions} kuma {promotional materials}, njengama {flyers} noma ama {brochures}.;8
CPA basics;Retention;MC;Uma i{product} inezintengo ezimbili ezihlukile, umthengi angakwazi ukucela uku:;Bhadala intengo ephansi kulezo zombili;Ukuthola i{product} mahala;Bhadala eyodwa bese athola enye mahala;Bhadala i{half} yentengo ebonakalisiwe;Uma i{product} inezintengo ezimbili ezibonakalisiwe, umthengi angacela ukubhadala intengo ephansi yalezo zombili ze {product}. i{Supplier} ayikwazi ukubiza umthengi intengo ephezulu kulezo zombili.;8
CPA basics;Retention;Y/N;Ngabe abathengi bangakwazi ucela ama {suppliers} ama {receipts} noma ama {invoices}?;Yebo;Cha;;;Abathengi bangakwazi ukucela ama {suppliers} ama {receipt} noma ama {invoice} ngemuva kokuthenga. Akudingeki ukuthi babhadale i{receipt} noma i{Invoice}.;9
CPA basics;Retention;MC-AOTA;Ikuphi kulokhu okufanele i{receipt} noma i{invoice} ibe nakho?;Zonke ezibaliwe;Igama, incazelo nentengo yempahla ;i{Date} yokuthenga;Igama le {supplier} ne {address};i{Receipt} noma i{invoice} idinga ukuba negama, incazelo kanye nentengo yempahla, ukufaka ne {tax}, kanye ne {date} yokuthenga negama le {supplier}, i{address} kanye ne {contact information}. ;9
CPA basics;Application;MC;Ungenzani uma i{TV} inezintengo ezimbili ezihlukile ezibonakalisiwe?;Cela ukubhadala intengo ephansi kulezo zombili;Cela i{TV} mahala;Cela ukubhadala i{half} yentengo;Cela ukuthenga i{TV} eyodwa uthole enye mahala;Uma izintengo ezimbili zibonakalisiwe ku {product} eyodwa, njenge {TV}, ungacela ukubhadala intengo ephansi kuzo zombili. i{supplier} ayikwazi ukukutshela ukuthi ubhadale intengo ephezulu.;15
CPA basics;Application;Y/N;Uma uthenga into ethize esitolo, ungacela i{receipt}.;Yebo;Cha;;;Unelungelo lokucaela i{receipt} noma i{invoice} ngemuva kokuthenga. i{Receipt} noma i{invoice} idinga ukuba nolwazi oluthize njenge gama, incazelo kanye nentengo. ;15
CPA basics;Application;MC;Kwezinye izinto, yini okufanele i{brochure} ye {sale} yesitolo se {grocery} iveze?;i{Date} yokuqala nokugcina kwe {sale};Isithombe somnikazi wesitolo;Isihloko esigqamile;Igama lesitolo ngamagama amakhulu;Ngokusho kwe {Consumer Pretection Act}, i{brochure}, i{flyer} noma uhlobo oluthize loku adivathayiza i{promotion}/{sale} idinga ukubonisa ngokucacile i{date} yokuqala nokugcina kwe {sale}.;15
CPA basics;Seed;MC;Yini i{supplier} engakwazi ukuyenza uma iadivathayiza ama {products} noma amasevisi?;Ukusebenzisa ulwazi okungelona ngamabomu;Ukusebenzisa ama {brochures} noma ama {flyers};Ukuadivathayiza i{address} yabo;Ukusebenzisa imibala egqamile;Ama {suppliers} awavumelekile ukusebenzisa ulwazi olungelona ngamabomu mayelana nama {products} noma amasevisi uma be adivathayiza ibhizinisi labo.;5
CPA basics;Retention;Y/N;Ingabe ama {suppliers} ayavunyelwa ukuqamba amanga ngentengo ye {product}?;Cha;Yebo;;;i{Supplier} ayikwazi ukuqamba amanga ngentengo yama {products}, ngisho uma bakwenza ngomzamo wokuphakamisa i{product} yabo.;9
CPA basics;Retention;T/F;i{Supplier} ingengabi neqiniso ngezinzuzo ze {product};Iqiniso;Amanga;;;i{Supplier} ayivunyelwe ukungabi neqiniso ngezinzuzo ze {product}, isibonelo, i{shampoo} angeke ithi, iyokwenza izinwele zakho zikhule uma ingakwazi ukukhulisa izinwele zakho. ;10
CPA basics;Application;MC;Uma uadivathayiza isevisi, i{supplier} angeke:;Iqambe amanga ngezintengo zamasevisi wabo;Bakhombise igama lebhizinisi labo;Ukuba nencazelo yamasevisi wabo;Ukuba nama {reviews} wabathengi ngamasevisi wabo;i{Supplier} ayikwazi ukuqambe amanga ngezintengo zamasevisi wabo uma beadivathayiza ibhizinisi labo. Angeke futhi baqambe amanga ngezinzuzo noma ukusebenza kwe {product}.;15
CPA basics;Seed;Y/N;Ingabe i{supplier} ivunyelwe ukunikeza imivuzo ngendlela ye {loyalty programme} bese ahlela ukungayinikezi? ;Cha;Yebo;;;Ngokusho kwe {CPA}, ama {suppliers} awavunyelwe ukunikeza imivuzo ngendlela ye { Loyalty programme} bese hlela ukunganikezi abathengi (uma behlangabezana nezimfuneko zokuwathola).;3
CPA basics;Retention;MC-AOTA;Ngaphili kokungena ku {loyalty programme}, ikhuphi kulezi ofanele uboniswe?;Zonke ezibaliwe;Yini imivuzo;Ama {products} namasevisi athintekayo;Ungena kanjani ukuthola imivuzo;Amaphepha nge {loyalty programmes} kufanele afake incazelo ye {programme} nomvuzo, amagama wama {products}/amasevisi athintekayo kanye nemiyalelo yokuthi ungena kanjanibese uthola imivuzo.;10
CPA basics;Retention;MC;Amaphepha we {loyalty programmes} kufanele afake:;Ama {contact details} we {programme};Intengo yama {products};Igama lomphathi ;Amagama wezisebenzi;Amaphepha we {loyalty programme} kufanele afake ama {contact details}, ukuze abathengi bakwazi ukungena ku {programme} noma bathole imivuzo abayizuzile.;10
CPA basics;Application;MC;Yiziphi kulezi ofanele uzilindele ukuzibona kufomu yesicelo se {loyalty programme}?;Incazelo ye {loyalty programme};Igama lomphathi;Wonke amagama ezisebenzi;i{List} yama {products} athengiswa i{supplier};Uma uaplayela i{loyalty programme}, kufanele i{supplier}/{service provider} iqinisekise ukuthi ukwazi ukuthola kalula incazelo ye {loyalty programme}. ;15
CPA basics;Seed;MC-AOTA;Ikuphi kwezilandelayo i{supplier} ayivunyelwe ukukwenza?;Zonke ezibaliwe;Ukulimaza umthengi;Ukuhlukumeza umthengi;Ukucindezela umthengi ngokungalungile;i{Supplier} ayivumelekile ukulimaza, ukuhlukumeza, ukusabisa, ukusongela noma ukucindezela ngokungalungile umthengi. ;4
CPA basics;Retention;MC;i{Supplier} ayivunyelwe uku:;Ukungabi neqiniso ngama {products} namasevisi;Bacele ukuthi ubhadale ama {products} namasevisi ;Bakusize ukupakisha izikhwama zakho;Bacele ukuthi ubhadale ngemali hayi i{card} ;Ngokusho kwe {Consumer Protection Act}, ama {suppliers} awavumelekile ukungabi neqiniso ngama {products} noma amasevisi uma bewa adivathayiza noma bekhuluma ngawo kuwe njengomthengi.;8
CPA basics;Retention;MC;Kwenzekani uma umthengi abhadala i{product} bese i{supplier} iphelelwa i{stock}?;Umthengi kufanele abuyiselwe imali yakhe;Umthengi kufanele abhadale imali engeziwe;Umthengi kufanele afayinwe;Umthengi kufanele aye kweyinye {supplier};Uma umthengi abhadala i{product} bese i{supplier} iphelelwa i{stock} yaleyo {product}, i{supplier} kufanele ibuyisele imali yomthengi nenzalo kanti ibuyisele ezinye izindleko ezengeziwe.;9
CPA basics;Application;MC;Ingabe i{supplier} akuvumelekile ukuthi yenzeni uma uthenga?;Ukukucindezela ukuthenga into ethize;Ukukucela uma udinga usizo;Ukukubonisa ama {products} we {sale};Ukukusiza ukuphakisha izikhwama zakho;Uma uthenga, i{supplier} ayivunyelwe ukukucindezela okungalungile uma uthenga, njengo ukukuthethisa, ukuhlasela noma ukukusongela ngokufuna ukukulimaza.;16
CPA basics;Seed;MC;Uya kubani uma ucabanga ukuthi i{contract} ingaba ingalungile?;i{National Consumer Tribunal} ({NCT});Inkhantolo yokulinganisa;Inkhantolo ka {Magistrate};Inkantolo ka {Supreme};Uma ucabanga ukuthi i{contract} oyisayine ayilunganga, engacabangeli noma okungalungile, ungaya ku {National Consumer Tribunal} ({NCT}).;10
CPA basics;Retention;MC;Ingabe kufanele ama {suppliers} enzeni uma ama {products} wabo athengiswa amoshakale noma angaphephanga?;Abuyisele imali kumthengi alungise nokunikeza enye;Afayine umthengi;Akwale ukusiza umthengi;Ukwenza umthengi abhadale i{half} yama {products};Uma ama {products} amoshakale noma angaphephanga, kufanele ama {suppliers} abuyisele imali kumthengi noma anikeze eyinye noma alungise ama {products}. Kufanele i{supplier} ibhadale hayi umthengi.;8
CPA basics;Retention;MC;Abathengi kufanele babuyise ama {products} amoshakele noma angaphephanga ngemva kwesikhathi eside kangakanani?;Izinyanga 6;Umnyaka ;Iminyaka 3;Iviki;Abathengi kufanele babuyisele ama {products} amoshakale noma angaphephanga phakathi kwezinyanga eziwu 6 ukucela ukubuyiselwa imali, ukunikezwa enye noma ukulungisa, i{supplier} (kufanele ibhadale).;9
CPA basics;Retention;MC;Uma ubhadala isevisi, i{CPA} ithi kufanele ibe________;Yasezingeni elihle kanti yenziwa ngesikhathi;Yasezingeni elibi kanti yenziwa emuva kwesikhathi;Yezinga eliphakathi;Yezinga elibi neyenzwe emuva kwesikhathi kakhulu;Uma umthengi abhadala isevisi, bangalinda isevisi yezinga elihle neyenziwa ngesikhathi ne {supplier}.;8
CPA basics;Retention;MC;Ama {products} ayingozi njenga ama{chemical} kufanele _______;Abhalwe ngokucacile ukuthi ayingozi;Kuvinjelwe;Kuhlanganiswe i{plastic};Okungabhalwanga lutho;Uma i{product} iyingozi, i{supplier} kufanele iyilebule ngokucacile ukuthi abathengi bazi ukuthi iyingozi. i{Supplier} kufanele futhi itshele umthengi indlela yokusebenzisa i-product ngokuphepha.;8
CPA basics;Application;MC;Uma uthenga i{TV} bese ilethwa iphukile, ungenzani?;Cela enye entsha ku {supplier};Cela i{supplier} ezinye ezintsha ezimbili;Cela i{supplier} ama {products} wamahala;Cela i{supplier} isikweletu;Uma i{product} ethize oyithengile ilethwa imoshakele noma iphukile ngendlela ethize, cela i{supplier} ikubuyisele imali, ilungise i{product} noma ikunike enye. i{supplier} kufanele ibhadale.;15
CPA basics;Application;T/F;Ama {products} ayingozi kufanele aze namalebula kanye nezixwayiso zeziyalezo ezicacile ngendlela yokuwasebenzisa.;Iqiniso;Amanga;;;i{Product} eyingozi ngayinye njenge {toxic cleaning detergent} kufanele ibe nelebula yesixwayiso esicacile kanye neziyalelo zokuyisebenzisa ngokuphepha.;15
CPA basics;Seed;MC;Siyasibiza ukuthini isivumelwano lapho i{supplier} ibamba izimphahla ozifunayo, kuze kube uzibhadale zonke?;Isivumelwano se {lay}-{by};i{Mortgage};i{Instalment sale};i{Credit card};Isivumelwano se {lay}-{by} senzeka uma umthengi abhadala imphahla kwesikhathi esithize kanti i{supplier} igcina ama {products} kuze kube lapho abhadalwa. Umthengi kudingeka abhadale i{deposit}.;3
CPA basics;Retention;Y/N;Ngokusho kwe {CPA}, ungathenga ama {products} noma amasevisi ngokusebenzisa isivumelwano se {lay}-{by}?;Yebo;Cha;;;Ngokusho kwe {CPA}, abathengi bangathenga ama {products} namasevisi ngezivumelwano ze {lay}-{by} nama {suppliers}.;8
CPA basics;Retention;MC;Kungenzekani kulezi uma i{supplier} ingakunikezi i{product} oyithengile nge {lay}-{by}?;Unikezwa i{product} efanayo noma engcono;i{Supplier} ibhadala ifayini;Ubhadala ifayini;i{Supplier} iyavala;Uma uqeda ukubhadala into ethize nge {lay}-{by} kodwa i{supplier} ingagcinanga ngempela i{product} yakho, i{supplier} ingalungisa izinto ngokukunikeza i{product} efanayo noma engconywana.;10
CPA basics;Application;MC;Yini ongayicelayo uma isitolo singagcinanga imphahla ye {lay}-{by} oyibhadale ngokugcwele?;Ukubuyiselwa imali ngenzalo;Ama {products} engeziwe wamahala;Ukwehliselwa intengo kumphahla yonke;Ukwehliselwa intengo komndeni wakho;Uma i{supplier} ingakunikezi ama {products} owabhadale, ungacela ukubuyiselwa imali ngenzalo.;16