﻿Concept;Question class;Question type;Question content;Answer;Alternative 1;Alternative 2;Alternative 3;Explanation;Difficulty rating (</= 20)
Types of credit agreement;Retention;MC-F;Iyiphi kwezibaliwe ekungumkweletisi ohlelekile ({formal credit provider})?;i{Bank};Umngani onemali eningi;Umashonisa;Zonke ezibaliwe;Abakweletisi abahlelekile - kanjengama {bank}, izikhungo zezikweletu, kanye nezitolo - banikana izikweletu ezidinga ukuthi u aplaye ngokubheka ukuthi ungakhona yini ukukhokha;5
Types of credit agreement;Application;T/F;Noma ngubani oqala ibhizinisi lokukweletisa uba ngumkweletisi osemthethweni?;Amanga;Iqiniso;;;Ngokomthetho, abakweletisi badinga uku aplayela ukurejista kuyi {National Credit Regulator} ({NCR}) futhi belandele izinqumo eziqinile zomthetho;9
Types of credit agreement;Application;T/F;Abakweletisi abahlelekile kumele belandele imithetho yokukweletisa eqinile;Iqiniso;Amanga;;;Isikweletu esihlelekile isikweletu onikwa sona yi {registered credit provider} njenge bhange, ehlelwa ngemithetho ehambiselana ne {National Credit Regulator} ({NCR});16
Types of credit agreement;Seed;MC;Iyiphi kulezi ehlobene nokukweletisa okuhlelekile?;Imithetho yokukweletisa eqinile;Imithetho yokukweletisa ethambhile;Ukungabibikho kwomthetho;Ukusabisa;Izikweletu ezihlelekile zidinga ukuthi u aplaye ngokuhleliwe, kubhekwe ukuthi ungakhona yini ukuzikhokhela, bese uyanikwa noma cha leso siskweletu ngokukhona kwakho ukusikhokhela;6
Types of credit agreement;Retention;MC;Ungakasitholi isikweletu, kumele abakweletisi abahlelekile benze ini?;Bebheke ukuthi uyakhona yini ukukhokha;Bebheke umlando womndeni;Benze ukuhlolwa kwegazi;Bengakungenisa ndlela thize;Abakweletisi abahlelekile bakudinga ukuthi u aplayele isikweletu kuze bezobona ukukweletiseleka kwakho. Ngamanye amazwi, ukuthi ungakhona yini ukukhokha;8
Types of credit agreement;Retention;MC;Abakweletisi abahlelekile bakwenza u aplaye ukuthola isikweletu kwenze njani?;Bangababolekisi abanendaba ({responsible lender});Babanga isicefe;Abalungile;Baboleka ngokungemthetho;Uku aplayela isikweletu kulungele umkweletisi nomuboleki ngoba bavikela wena oboleka imali ukuthi ungashaywa yizikwetu kanye nomkweletisi ukuthi i{risk} yomkweletisi ibe ncane;9
Types of credit agreement;Retention;MC-AOTA;Ngemuva kokuthola isikweletu uma u aplayile ngokomthetho, udinga ini?;Zonke ezibaliwe;Igama lokukweletisa elihle;Ukuba sezweni ngokomthetho;Ukukhona ukukhokhela isikweletu;Kuze uthole isikweletu osi aplayele, kumele ube se {South Africa} ngokomthetho, kumele ukhone ukukhokhela isikweletu futhi ube negama elihle ekukweleteni imali;11
Types of credit agreement;Application;T/F;Abakweletisi abasebenza ngokomthetho benza u aplayele isikweletu ngoba abafuni ukukunikeza imali;Amanga;Iqiniso;;;Uku aplayela isikweletu kuvikela abakweletisi ekulahlekelweni imali abayibolekisayo, kanti futhi kuvikela okweletayo ukuthi engabi nezikweletu ezingakhonakali (ungabi {over-indebted});16
Types of credit agreement;Application;T/F;Isikweletu esihlelekile sithatha isikhathi eside kunesikweletu esingahlelekile;Amanga;Iqiniso;;;Ngokuthuthuka kobuchwepheshe, ukukweleta imali kuya ngokuya kuyashesha. Uma unikwa isikweletu, uyakhona ukusithatha ngalowo mzuzu;19
Types of credit agreement;Seed;MC;Iyiphi kwezibaliwe ekuyisivumelwano somthetho phakathi kwakho nomkweletisi?;Isivumelwano sesikweletu esihlelekile;Incwadi yesikweletu;Incwadi yemali yesikweletu;Isivumelwano semali ezayo;Isivumelwano esihlelekile isivumelwano somthetho la enivumelana khona ngokombhalo, la ovuma khona ukukhokha imali oyikweletayo ngemigomo yomkweletisi;5
Types of credit agreement;Retention;MC-AOTA;Iyiphi kwezibaliwe eyisivumelwano sesikweletu?;Zonke ezibaliwe;i{Instalment} (istolmende);Isikweletu;Isikweletu sendlu;Izindawo zokukweletisa (ama {credit card}, izitolo nama {account}), ukuthengiswa kwezimoto ngesikweletu, kanye nokuthenga indlu ngebhange noma nge {home loan} izinhlobo ezahlukile zesivumelwano sesikweletu;10
Types of credit agreement;Retention;MC-AOTA;Iyiphi kwezibaliwe eyisivumelwano sesikweletu esihlelekile?;Zonke ezibaliwe;i{Personal loan};i{Loan} e {secure};Isikweletu esibamba utho ({pawn});i{Personal loan}, ukuthenga indlu ngebhange noma nge {home loan} noma la obambisa khona isikweletu ngempahla yakho ({pawn transaction}) izinhlobo ezahlukile zezivumelwane zesikweletu;11
Types of credit agreement;Application;T/F;Uma u{sign}a isikweletu sesivumelwano, kumele ukhokhele ngokomthetho yonke imali yenani lesikweletu;Iqiniso;Amanga;;;Uma u{sign}a isivumelwano sesikweletu, umele ukusikhokhela sonke isikweletu ngokomthetho - okuyi mali oyibolekile nezinzalo zakhona nezimali zokuboleka;16
Types of credit agreement;Application;MC;Iyiphi kwezibaliwe ekuyisibonelo sesivumelwano sesikweletu esisemthethweni?;i{Account} esitolo sezimpahla;i{Lay-by};Imali obolekwe ngumngani;Imali evela kumashonisa;Uma uvula i{account} esitolo esithembhekile, ungena esivumelwaneni sesikweletu esihlelekile. Uzoshajelwa izinto ozithengile ngendlela yemali encane ongayikhokha ({minimum payment});17
Types of credit agreement;Application;MC;Iyiphi kwezibaliwe engathintani nesivumelwano sesikweletu?;Ukuqasha ikamelo;Ukusebenzisa i{credit card};Uku aplayela isikweletu;Ukuthola i{loan};Ukuqasha indawo yokuhlala akusiso isikweletu ngoba ekupheleni kokuhlala kwakho khona akubi ngeyakho indawo. Ihlala ingeyomnikazi wayo.;17
Types of credit agreement;Seed;MC;i{Account} ongalokhu uthatha kuyo imali ibizwa ngani?;Isikweletu esi {revolving} (esihlala sikhona);i{Instalment} (istolmende);Isikweletu sendlu;i{Account} yokubeka imali;i{Revolving credit} iyisikweletu la ongathatha uthathile esikweletini kuze kufike enanini elithile. Ama {credit card} nama {account} ezitolo ayi {revolving credit};6
Types of credit agreement;Retention;MC;Isikweletu ongalokhu uthatha kuso kuze kufike esibalweni esithile sibizwa ngani?;{Revolving credit};Isikweletu esingu {round};Isikweletu esixubile;Isikweletu esiza nentela;i{Revolving credit} iyisikweletu la ongathatha uthathile esikweletini kuze kufike enanini elithile ube ukhokha imali ekuyi {minimum};8
Types of credit agreement;Retention;MC;Iyiphi kulezi ekuyintengo ye {revolving credit}?;i{Credit card};Isikweletu semoto;i{Personal loan};Isikweletu esibanjelwe utho;Imali oyitholayo kuyi {credit card} ibizwa ngokuthi i{revolving} ngoba uyayiboleka uyikhokhe bese uyayiboleka futhi. Lokhu kwenzeka uze uqede noma uvale leso sikweletu;9
Types of credit agreement;Retention;MC;Iyiphi kulezi ekuyintengo ye {revolving credit}?;i{Account} esitolo sezimpahla;Isikweletu semoto;i{Personal loan};Isikweletu esibanjelwe utho;Imali oyitholayo kuyi {credit card} ibizwa ngokuthi i{revolving} ngoba uyayiboleka uyikhokhe bese uyayiboleka futhi. Lokhu kwenzeka uze uqede noma uvale leso sikweletu;11
Types of credit agreement;Retention;MC;Imali oyikweletayo kuyi {revolving credit} ibizwa ngani?;iBhalansi eshodayo ({outstanding balance});iBhalansi enhle;iBhalansi ekhokhiwe;Imali encane ongayikhokha;Imali oyikweletayo kumkweletisi ibizwa nge bhalansi ({balance}). Uma ukweleta R100 kuyi {credit card} bese ukhokha u R50, ibhalasi eshodayo ({outstanding balance}) ngu R50 kanye nenzala oshajwa yona;10
Types of credit agreement;Retention;MC;Saziwa ngani isibalo semali ongekhone ukweqa kuso ngokuboleka esikweletini?;i{Credit limit};Usilingi wesikweletu;Izibalo sesikweletu esiphezulu;Izibalo sesikweletu esiphansi;Isikweletu esi {revolving} sinemali ongekwazi ukuyeqa ngokuboleka ({maximum limit}) - uma into ibiza R12000 kodwa i{limit} yakho kungu R10000, angeke ukwazi ukuyikhokhela yonke ngaleso sikweletu;12
Types of credit agreement;Retention;MC;Hlobo luni lwesikweletu i{credit card} nama {account} ezitolo?;{Revolving credit};Isikweletu esijikayo;Isikweletu esihamba sibuye;Isikweletu esingapheliyo;i{Revolving credit} iyisikweletu la ongathatha uthathile esikweletini kuze kufike enanini elithile ({maximum limit}). Ama {credit card} nama {account} ezitolo angama {revolving credit};13
Types of credit agreement;Retention;MC;Ithatha isikhathi esingakanani i{revolving credit}?;Isikhathi osayivule ngaso;{6 months};{2 years};{72 months};Asikho isiphetho se {revolving credit} esibekiwe. Uma usakhokha imali ebekiwe ekuyi {minimum} noma ngaphezu, isikweletu sisavuliwe. Kumele usikhokhele sonke kuze uzosivala;13
Types of credit agreement;Application;Y/N;Kuyeneza yini ungakhokhi nzalo nge {revolving credit}?;Yebo;Cha;;;Nge {revolving credit} inzalo ibalwa emalini eshodayo ekuyi {balance} njalo ngenyanga. Uma ungakweleti mali ngosuku lokushaja inzalo, awukhokhi nzalo;16
Types of credit agreement;Application;T/F;i{Revolving credit} ijwayele ukusetshenziselwa ukuthenga izinto kanjengezimpahla nezinto zasendlini;Iqiniso;Amanga;;;Ngokwenjwayelo, i{revolving credit} eyokuthenga ezitolo kanje. Akuyona eyokukhookhela izinto ezinkulu kanje ngemoto noma indlu ngoba 1) iyabiza inzalo kanti futhi 2) i{limit} yesikweletu incance;17
Types of credit agreement;Application;T/F;i{Revolving credit} ijwayele ukusetshenziselwa izinto ezinkulu kanjenge moto nendlu;Amanga;Iqiniso;;;Ngokwenjwayelo, i{revolving credit} eyokuthenga ezitolo kanje. Akuyona eyokukhookhela izinto ezinkulu kanje ngemoto noma indlu ngoba 1) iyabiza inzalo kanti futhi 2) i{limit} yesikweletu incance;20
Types of credit agreement;Seed;MC;Hlobo luni lwesivumelwano sesikweletu i{account} yesitolo sezimpahla?;{Revolving credit};Intengo ye {instalment};Isikweletu esibanjelwa utho;Isikweletu sendlu;Isikweletu esibizwa nge {revolving credit} isikweletu ositholayo kuyi {account} yezimpahla zokugqoka. Uyasisebenzisa, usikhokhele, usisebenzise futhi ngokubona. Kumele usikhokhele sonke kuze uzosivala;3
Types of credit agreement;Retention;MC;Izitolo zijwayele ukunika isikweletu se {revolving credit} esihlobo luni?;i{Account} esitolo;i{Accountant};i{Lay-by};Isikweletu esizimele;Uma usebenzisa ikhadi elihlangene nesitolo ukuthenga izimpahla noma izinto zasendlini ngokwesibonelo, usebenzisa uhlobo lwe sikweletu ekuyi {revolving credit};8
Types of credit agreement;Retention;MC;Kuze uzokwazi ukugcina i{account} yesitolo imi kahle ngokwezimali, udinga ukwenza ini?;Ukhokhe i{minimum} yemali edingakalayo;Uthenge kakhulu;Ukhokhe kayi 1 ngezinyanga ezingu 6;Ukhokhe kayi 1 ngonyaka;Awudingi ukukhokha yonke imali oyikweletayo esitolo ukuze ube negama elihle. Kumele ukhokhe imali elingana noma engaphezu kwe {minimum} yenyanga, okungenzeka nge {debit order};9
Types of credit agreement;Retention;MC;Kuze uzothola i{account} yasesitolo, kumele wenze ini kuqala?;Uaplaye;Ukhokhe imali yetiye;Ukhiphe i{loan};Uthemele umlayezo womoya;Izitolo kumele zibheke ukukhona kwakho ukukhokha izikweletu kuze zizokunika i{account}. Ngokujwayelekile, uzofunwa i{ID}, izitatmende zase {bank}, kanye ne {payslip};10
Types of credit agreement;Retention;MC;Ngaphezu kwenzalo, iyiphi imali oshajwa yona esitolo one {account} kuso?;Izimali zesevisi;Intela;Intela yesono;Imali yelayisense;Uma uthenga ngesikweletu, kuzomele ubuyisele yonke imali oyikweletile. Yonke inyanga edlula ungayikhokhile ungashajwa inzalo kanye nezimali zesevisi kwesinye isikhathi;12
Types of credit agreement;Application;MC-AOTA;Ngaphezu kwemali oyisebenzisayo, yini enye abakushajela yona esitolo sezimpahla?;Zonke ezibaliwe;Imali yesevisi;Inzalo;Imali yokukhokha {late};Yenza isiqiniseko ukuthi uyasizwa kahle isivumelwano nokuthi uyavumelana naso ungakavuli i{account}. Ngale kwenzalo, kungaba khona ezinye izimali zama sevisi nezijeziso uma ungakhokhanga ngesikhathi;16
Types of credit agreement;Application;T/F;Uma usebenzisa i{account} yasesitolo okokuqala, ungena esivumelwaneni sesikweletu;Iqiniso;Amanga;;;Ungashajwa inzalo emalini oyikweletayo kuyi {account} uma kukhona imali oyikweletayo. Awushajwa lutho uma uhlale ukhokha imali oyisebenzisile masishane kungakafiki isikhathi senzalo;17
Types of credit agreement;Application;T/F;Awushajwa inzalo uma uthenga izimplahla nge {account} yasesitolo;Amanga;Iqiniso;;;Nge{account} yasesitolo, inzalo yesikweletu ishajwa emalini oyikweletayo ekuyi bhalansi ({balance}) njalo ngenyanga ngokujwayelekile. Uma ukweleta kakhulu uzokhokha inzalo eningi;18
Types of credit agreement;Application;Y/N;Uyashajwa yini inzalo uma uthenga izinto nge{account} yasesitolo?;Yebo;Cha;;;Nge{account} yasesitolo, inzalo yesikweletu ishajwa emalini oyikweletayo ekuyi bhalansi ({balance}) njalo ngenyanga ngokujwayelekile. Uma ukweleta kakhulu uzokhokha inzalo eningi;18
Types of credit agreement;Seed;MC;Ama{credit card} ayisivumelwano sesikweletu esinjani?;{Revolving credit};Isithengiso se {instalment};Ukukweletisa ubanjelwe utho;Isikweletu sendlu ({mortgage});Isikweletu osithola nge {credit card} si {revolving} okusho ukuthi uyasisebenzisa ube usikhokhela ube usisebenzisa. Lokhu kuyaqhubeka uze ukhokhe yonke imali uvale i{account};7
Types of credit agreement;Retention;MC;Ama {bank} anike ama {customer} awo uhlobo le {revolving credit} olwaziwa ngokuthini?;{Credit card};{Debit card};{Savings account};{Personal loan};Uma usebenzisa i{credit card} (ehlangene ne {account} yesikweletu) ukukhokhela izinto emoyeni, usebenzisa uhlobo le {revolving credit};10
Types of credit agreement;Retention;MC;Kuze uzoba negama elihle, kumele wenze ini?;Ukhokha imali ye {minimum payment};Uthenge kakhulu;Ukhokhe kayi 1 ngezinyanga eziwu 6;Ukhokhe kayi 1 ngonyaka;Awudingi ukukhokha yonke imali oyikweletayo kuyi {credit card} kuze uzoma kahle nayo. Kodwa umele ukukhokha imali elingana noma engaphezu kwe {limit} abathi ikhokhe;11
Types of credit agreement;Retention;MC;Ungenza ini kuze ungeke ukhokhe inzalo kuyi {credit card}?;Ulikhokhele kangaka shayi usuku lwenzalo;Ungayisebenzisi isikashane;Ulibulale ikhadi;Uthenge izinto ezingabizi kakhulu;Kuma {credit card} inzalo ishajwa emalini eshodayo ({balance}) kanye ngenyanga. Uma ukhokha yonke imali yesikweletu lungakafiki lolo suku, awukhokhi nzalo;13
Types of credit agreement;Application;T/F;Uma unemali {{encane}} eshodayo kuyi {credit card} ukhokha {{inzalo eningi}};Amanga;Iqiniso;;;Kuma {credit card} inzalo ishajwa emalini eshodayo ({balance}) kanye ngenyanga. Uma i{balance} yakho inkulu, inzalo yakho izoba nkulu;16
Types of credit agreement;Application;Y/N;Kunyenzeka yini ukuthi usebenzise i{credit card} kodwa ungakhokhi nzalo?;Yebo;Cha;;;Kuma {credit card} inzalo ishajwa emalini eshodayo ({balance}) ngenyanga. Uma ukhokha yonke imali yesikweletu lungakafiki lolo suku lokushaja, awukhokhi nzalo;16
Types of credit agreement;Application;T/F;Uma usebenzisa i{credit card} okokuqala, ungena esivumelwaneni sesikweletu;Iqiniso;Amanga;;;Ama {credit card} aluhlobo lesivumelwano sesikweletu esi {revolving}. Uma kunemali osayikweletayo khona, uzokhokha inzalo kuyo futhi kumele uyikhokhe nayo leyo mali;17
Types of credit agreement;Seed;MC;Iyiphi kulezi ezibaliwe ekuyi {account} esetshenziselwa amaholo, ukukhokha kanye nama {overdraft}?;{Cheque account};{Credit account};{Investment account};{Forex account};i{Cheque account} i{account} la iholo lingena khona, futhi la okhokhela khona izinto khona. Ayahluka ama {cheque} kuma {saving account} ngoba i{savings} ayinayo i{overdraft};5
Types of credit agreement;Retention;MC;Iyiphi i{account} kwezibaliwe ehamba ne {overdraft}?;{Cheque account};{Savings account};{Credit account};{Forex account};Awukwazi ukusebenzisa imali engaphezulu kwemali engeyakho ({overdraft}) kuyi {savings account}. i{Overdraft} isho ukuthi ungakhipha imali kuyi {cheque account} ngisho ungenamali esele;10
Types of credit agreement;Application;T/F;Ama{{overdraft}} ajwayele ukuhamba ne {{cheque account}};Iqiniso;Amanga;;;Awukwazi ukusebenzisa imali engaphezulu kwemali engeyakho ({overdraft}) kuyi {savings account}. i{Overdraft} isho ukuthi ungakhipha imali kuyi {cheque account} ngisho ungenamali esele;16
Types of credit agreement;Application;Y/N;Iyakwazi yini i{savings account} (ekuyi la obeka khona imali) ukuba ne {overdraft}?;Cha;Yebo;;;Awukwazi ukusebenzisa imali engaphezulu kwemali engeyakho ({overdraft}) kuyi {savings account}. i{Overdraft} isho ukuthi ungakhipha imali kuyi {cheque account} ngisho ungenamali esele;18
Types of credit agreement;Seed;MC;Isivumelwano sesikweletu la okwazi khona ukungena esibalweni se {account} esingu {minus} ({{negative}}) sibizwa ngani?;{Overdraft};{Underdraft};{Galeforce};{Credit card};i{Overdraft} uhlobo lwesikweletu kuyi {cheque account} la ongakhipha khona imali kuyi {account} ngisho ungenamali kuyo (i{account} ingena esibalweni esingaphansi kuka {zero} ekuyi {negative balance});7
Types of credit agreement;Retention;MC;Uma i{cheque account} yakho ikwazi ukungena esibalweni esingu {minus}, kusho ukuthi ihambha ne__________;{Overdraft};{Underdraft};{Galeforce};{Credit card};i{Overdraft} uhlobo lwesikweletu kuyi {cheque account} la ongakhipha khona imali kuyi {account} ngisho ungenamali kuyo (i{account} ingena esibalweni esingaphansi kuka {zero} ekuyi {negative balance});9
Types of credit agreement;Retention;MC-F;Uma i{account} yakho ingena ku {minus}, kuthiwa injani?;{Overdrawn} (ikhishwe kuyi {overdraft});{Underdrawn} (ikhishwe kuyi {underdraft});Ikhishwe ngokuphambaba;Zonke ezibaliwe;i{Overdraft} ingena uma usebenzisa imali kuyi account yize ungenayo. Uma uyisebenzisa i{account} ingenamali, iba ne {balance} eyimali oyisebenzisile ngaphansi kuka {zero} ({minus});11
Types of credit agreement;Retention;MC-F;Yini kwezibaliwe eyenza ukwazi ukusebenzisa imali engaphezulu kwemali onayo kuyi {account}?;{Overdraft};{Underdraft};{Galeforce};Zonke ezibaliwe;i{Overdraft} imali yesikweletu kuyi {cheque account} oyisebenzisa yize ungenayo. Ekuyisebenziseni, iba ne {balance} eyimali engaphansi kuka {zero (minus}) kuze kufike kuyi {limit};11
Types of credit agreement;Retention;T/F;i{Overdraft} ingena uma imali kuyi {account} yakho iba ngaphansi kuka {zero};Iqiniso;Amanga;;;i{Overdraft} imali yesikweletu kuyi {cheque account} oyisebenzisa yize ungenayo. Ekuyisebenziseni, iba ne {balance} eyimali engaphansi kuka {zero (minus}) kuze kufike kuyi {limit};12
Types of credit agreement;Application;T/F;i{Overdraft} yenza ukwazi ukusebenzisa imali engaphezulu kwale onayo kuyi {account};Iqiniso;Amanga;;;i{Overdraft} imali yesikweletu kuyi {cheque account} oyisebenzisa yize ungenayo. Ekuyisebenziseni, iba ne {balance} eyimali engaphansi kuka {zero} ({minus}) oyikweletayo;17
Types of credit agreement;Application;T/F;i{Overdraft} iyazingenela uma imali kuyi {account} yakho yehla ngaphansi kuka {zero};Iqiniso;Amanga;;;i{Overdraft} imali yesikweletu kuyi {cheque account} oyisebenzisa yize ungenayo. Ekuyisebenziseni, iba ne {balance} eyimali engaphansi kuka {zero} ({minus}) kuze kufike kuyi {limit};16
Types of credit agreement;Application;T/F;Njalo uma usebenzisa i{overdraft} uboleka imali;Iqiniso;Amanga;;;Uma usebenzisa imali ye {overdraft}, ungena esikweletini ngokungena esibalweni semali yakho engu {minus} kuyi {cheque account}. Kumele lemali uyibuyisele;18
Types of credit agreement;Application;T/F;Kuyicebo elihlakaniphile ukusebenzisa i{overdraft} njalo ngenyanga;Amanga;Iqiniso;;;i{Overdraft} ifana nezinye izikweletu, iyaba usizo. Kodwa ukuyisebenzisa njalo ngenyanga khona uzophila kusho ukuthi usezikweletini kakhulu  okusho ukuthi ungaba {over}-{indebted};18
Types of credit agreement;Application;Y/N;Ingabe wonke umuntu one {cheque account} engaba nayo i{overdraft} na?;Cha;Yebo;;;i{Overdraft} uhlobo lesivumelwano sesikweletu esihlelekile, okusho ukuthi kumele usikhone. Ungayi aplayela i{overdraft}, kodwa i{bank} lingakunika unga aplayanga, uma uzokhona;19
Types of credit agreement;Application;T/F;Onke ama {cheque account} ahambhisana ne {overdraft};Amanga;Iqiniso;;;i{Overdraft} uhlobo lwesivumelwano sesikweletu esihlelekile, okusho ukuthi kumele ukhwalifaye ukuyithola. Unga aplaya ukuyithola kodwa akukho siqiniseko;18
Types of credit agreement;Application;T/F;Ama{overdraft} aluhlobo lesikweletu eliyi {revolving credit};Amanga;Iqiniso;;;i{Overdraft} ihluka kuyi {revolving credit} ngoba ukwazi ukuyisebenzisa uma usuphelelwe yimali kuyi {account} kuphela;20
Types of credit agreement;Seed;MC-AOTA;Iyiphi kwezibaliwe ojwayele ukuyithola ngesivumelwano sesikweletu?;Zonke ezibaliwe;Isithuthuthu;Imoto;Usofa;Izimpahla ezifana ne fenisha nama TV zingathengwa ngesikweletu zikhohelwe ngama {instalment}. Uma usuzikhokhele, ziba ngezakho;4
Types of credit agreement;Retention;MC;Ukuvuma ukukhokhela usofa ngesikhathi esithile kuyini?;Isivumelwano se {instalment};Utshalomali ({investment});Ukuthengiswa okukhulu;Isikweletu esibanjisiwe;Izimpahla ezifana ne fenisha nama TV zingathemngwa ngesikweletu zikhohelwe ngama {instalment}. Uma usuzikhokhele, ziba ngezakho;11
Types of credit agreement;Retention;MC;Uma izimpahla ezithuthekayo (kanjenge moto nefenisha) zithengiswa ngesikweletu, kujwayele ukuba yisiphi?;Isivumelwano se {instalment} sentengo;Isikweletu nje;Utshalomali ({investment});Isikweletu esibanjisiwe;Izimpahla ezifana ne fenisha nama TV zingathengwa ngesikweletu zikhohelwe ngama {instalment}. Uma usuzikhokhele, ziba ngezakho;12
Types of credit agreement;Application;MC-F;Isikweletu esinjani isikweletu semoto?;Isivumelwano se {instalment} sentengo;Ukuthengiswa okukhulu;Utshalomali ({investment});Zonke ezibaliwe;Ngesikweletu semoto, ikhokha imali ebekiwe ngenyanga kuze kuphele isikhathi esishiwo (kujwayele ukuba yiminyaka). Uma usukhokhile waqeda wabika ukuthi kuvalwe i{account}, imoto iba ngeyakho;15
Types of credit agreement;Application;Y/N;Izinto ezifana namafriji nama {TV} ziyathengiswa yini ngesivumelwane sesikweletu na?;Yebo;Cha;;;Izimpahla ezithuthekayo kanjenge moto nefenisha zingathengwa ngesikweletu sesivumelwano se {instalment}. Uma usuzikhokhele ngokugcwele, leyo mpahla iba ngeyakho;16
Types of credit agreement;Application;T/F;Uma uthenga into nge {account} yesitolo ungena esivumelwanoni sokuthenga nge {instalment}?;Amanga;Iqiniso;;;Ama {account} ezitolo ayisikweletu se {revolving credit} la ongayisebenzisa khona imali kuze kufike enanini eliyi {maximum}. Lesikweletu singahlala sivulekile waya waya. i{Instalment} iyaphela;16
Types of credit agreement;Application;Y/N;Kuyenzeka yini ukuthi ungayikhokhi inzalo esikweletini sokuthenga nge {instalment}?;Cha;Yebo;;;Ukukhohela isikweletu se {instalment} kuhlukile ekukhokheleni ese {revovling credit} ngoba i{instalment} ifaka inzalo kusuka kwesikweletu;18
Types of credit agreement;Seed;MC;Esivumelwaneni sesikweletu, imali oyikhokha ngenyanga ibizwa ngani?;{Instalment};Inzalo;Isibizo sesikweletu;i{Loan};i{Instalment}, ebizwa nge {repayment}, igama ekubizwa ngalo ukukhokhela isikweletu (kahle kahle i{cost of credit}) njalo ngenyanga, uze usiqede isikweletu;4
Types of credit agreement;Retention;MC;Sikhokhelwa kanjani isikweletu nge {repayment}?;Ngenyanga;Ngeviki;Ngosuku;Ngehora;Ngokujwayelekile esivumelwaneni sesikweletu, i{instalment} uyikhokha kayi 1 ngenyanga ngosuku lweholo noma maduzane nalo;10
Types of credit agreement;Application;T/F;i{{Repayment}} yimali oyikhokhayo ngenyanga ukukhokhela isikweletu?;Iqiniso;Amanga;;;i{Instalment}, ebizwa nge {repayment}, igama ekubizwa ngalo ukukhokhela isikweletu (kahle kahle i{cost of credit}) njalo ngenyanga, uze usiqede isikweletu;16
Types of credit agreement;Application;T/F;Inani le {{repayment}} lijwayele ukushintsha ngenyanga;Iqiniso;Amanga;;;Isivumelwano esihamba nenzalo e{fixed} asishintshi imali oyikhokhayo ({repayment}) ngokushintsha kwe {prime lending rate}. Uma sihamba nenzalo e{link}iwe, ama {repayment} angashintsha ngesikhathi;16
Types of credit agreement;Seed;MC;Isikhathi osithathayo ukukhokhela isivumelwano sesikweletu se {instalment} sibizwa ngani?;{Payment term} ;{Payment time};{School term};i{Term} yenzalo;i{Payment term} isikhathi sokukhokhela isikweletu nge {instalment}. Uma ukhokha ngoba kushiwo (ungekho kuma {arrears}), isikweletu siphela uma usukhokhe imali yokugcina nge {instalment};3
Types of credit agreement;Retention;MC;Ikalwa ngani i{{payment term}} ekuyisikhathi sokukhokhela isikweletu se {instalment}?;Ngenyanga;Ngeviki;Ngeminyaka;Ngezinsuku;i{Payment term} ekuyisikhathi sokukhokhela isikweletu sijwayele ukukalwa ngezinyanga. Ngokwesibonelo, isivumelwano sesikweletu se {instalment} singathi ukhokha R500 ezinyangeni ezingu 72;9
Types of credit agreement;Application;T/F;Ngokwenjwayelo, uma uthatha isikhathi eside ukukhokha isikweletu, ukhokha inzalo eningi;Iqiniso;Amanga;;;Ngoba inzalo izala ngokuhamba kwesikhathi, ngenjwayelo uzokhokha kakhulu uma uthatha isikhathi eside ukukhokhela isikweletu uzokhokha inzalo eningi, kanjalo nasesikweletini sokuthenga nge {instalment};16
Types of credit agreement;Application;T/F;i{{Payment term}} yezinyanga ezingu 36 isho ukuthi uzokhokha i{instalment} iminyaka engu 3;Iqiniso;Amanga;;;Isivumelwano sika 36 {months} singu 3 {years}, esika 48 {months} ngu 4 {years], kanti esika 60 {months} singu 5 {years};17
Types of credit agreement;Seed;MC;Isamba semali sonke ogcina usikhokhe esivumelwaneni sesikweletu sibizwa ngani?;{Cost of credit} (ukubiza kwesikweletu);Isibizo senzalo;Imali ebolekiwe;Imigomo yokukhokha;Ukubiza kwesikweletu okuyi {cost of credit} imali ogcina uyikhokhile kumkweletisi ngesikweletu osenzile. Sibalwa ungakasithathi, bese usikhokha kancane nge {instalment} size siphele;7
Types of credit agreement;Retention;T/F;i{{Cost of credit}} isamba semali yonke oyikhokhayo uma ukhokhela isivumelwano sesikweletu nge {instalment};Iqiniso;Amanga;;;Ukubiza kwesikweletu okuyi {cost of credit} imali ogcina uyikhokhile kumkweletisi ngesikweletu osenzile. Sibalwa ungakasithathi, bese usikhokha kancane nge {instalment} size siphele;8
Types of credit agreement;Retention;MC-AOTA;i{{Cost of credit}} iyisamba saziphi izimali?;Zonke ezibaliwe;Imali oyibolekile;Inzalo;Izimali ze sevisi;i{Cost of credit} isamba semali oyibolekile (noma inani othenge ngalo izinto) kanye nenzalo nezinye izimali zangenyanga zama {admin fees} nezimali zokuqala isikweletu ekuyi {initiation fee};11
Types of credit agreement;Application;Y/N;Iyakwazi yini i{{cost of credit}} ukuba ncane kune mali othenge ngayo noma oyibolekile?;Cha;Yebo;;;i{Cost of credit} isamba semali oyibolekile (noma inani othenge ngalo izinto) kanye nenzalo nezinye izimali zangenyanga zama {admin fees} nezimali zokuqala isikweletu ekuyi {initiation fee};16
Types of credit agreement;Application;MC;Yini eyenza i{{cost of credit}} ibe nkulu kunenani othenge ngalo esikweletini noma inani olibolekile?;Inzalo nezimali ze sevisi;Intela;Ubugebengu;Iholo nezindleko;i{Cost of credit} isamba semali oyibolekile (noma inani othenge ngalo izinto) kanye nenzalo nezinye izimali zangenyanga zama {admin fees} nezimali zokuqala isikweletu ekuyi {initiation fee};17
Types of credit agreement;Seed;MC-AOTA;Uku aplayela isikweltu esihlelekile kuthembela kuphi?;Zonke ezibaliwe;Imali yesikweletu;Ukukhona kwakho ukukhokha;Ukuba nezikweletu ongazithatha;Ukuthola isikweletu ({approval}) kuncika enanini lemali olibolekile, ukuthi uyakhona yini ukuyibuyisela yonke leyo mali ngama {instalment}, nokuthi unegama elinjani ekukhokheni izikweletu;5
Types of credit agreement;Retention;MC;Ukukhona kwakho ukubuyisela imali yesikweletu oyisebenzisile kubizwa ngani phecelezi?;{Affordability};{Payback-ability};Incebo;Ukukweleteka;Ezimalini, ukukhona ({affordability}) kwakho ubuyisela imali yesikweletu oyibolekile. Uma unganayo i{affordability} eyanele, angeke ukwazi ukubuyisela imali nge {instalment};12
Types of credit agreement;Retention;MC;Amathuba akho okukhokhela kahle isikweletu osithathile abizwa ngani?;{Creditworthiness};Ukuthembeka;{Affordability};{Accountability};Ukukhona kwakho ukukhokhela isikweletu okubizwa nge {creditworthiness} isibalo sokukhona kwakho ukubuyisela imali yezikweletu, okuncike ekubuyiseleni kwakho imali yezinye izikweletu ({credit record});15
Types of credit agreement;Application;T/F;Abakweletisi baphoqeke ngokomthetho ukubheka ukukhona kwakho ukukhokha isikweletu (i{creditworthiness ne affordability});Iqiniso;Amanga;;;Abakweletisi kumele berejiste ne {NCR} ukuze basebenze ngokomthetho. Ingxenye yalokhu ukuthi beqiniseke ukuthi uyakhona ukukhokha imali yesikweletu ngokwe {creditworthiness} ne {affordability};16
Types of credit agreement;Application;T/F;Abakweletisi abahlelekile babheka umlando wokukhokha kwakho, ababheki i{affordability};Amanga;Iqiniso;;;Abakweletisi kumele berejiste ne {NCR} ukuze basebenze ngokomthetho. Ingxenye yalokhu ukuthi beqiniseke ukuthi uyakhona ukukhokha imali yesikweletu ngokwe {creditworthiness} ne {affordability};19
Affordability;Seed;MC;Indlena elula yokuchaza i{{affordability}} kuyini?;Imali onayo yesipele;Ukunyuka kwemali yakho;Izaphulelo ezitolo;Ukuziphatha kwakho ekukhokheni;i{{Affordability}} iyikukhona kwakho ukukhokhela isikweletu. Ukuba ne {affordability} kusho ukuthi unemali eyisipele ngenyanga ongakhokha ngayo i{debit order} noma i{instalment};5
Affordability;Retention;MC;Yini kwezibaliwe esho ukuthi uyakhona ukukhokhela isikweletu se {instalment}?;{Affordability};{Creditworthiness};Incebo;Imali eyisipele;i{{Affordability}} iyikukhona kwakho ukukhokhela isikweletu. Ukuba ne {affordability} kusho ukuthi unemali eyisipele ngenyanga ongakhokha ngayo i{debit order} noma i{instalment};8
Affordability;Retention;MC;Benza ini {{abakweletisi}} ukuze bebone ukuthi ungakhona yini ukukhokha imali yesikweletu?;Ukucwaninga ukukhona ({affordability check});Ukubheka izikweletu;Ukubheka incebo;Ukubheka intela;Uma u aplayela isikweletu, umkweletisi engadinga ukwazi iholo lakho nezindleko zakho kuze ezothola ukuthi usalelwa malini ekupheleni kwenyanga. Ilokhu umkweletisi abheka ngakho i{affordability} yakho;9
Affordability;Retention;MC;Abakweletisi bajwayele ukubheka nini ukuthi uyakhona yini ukukhokha isikweletu?;Uma u aplayela isikweletu;Uma ususitholile isikweletu;Ekupheleni kwesivumelwano sesikweletu;Ababheki;Ukubheka i{affordability} kwenzeka uma u aplayela isikweletu esihlelekile. Eku aplayeni, uzomele ukusho iholo lakho kanye nezindleko ozikhokhelayo kuze i{affordability} yakho izobalwa;10
Affordability;Retention;MC;Abakweletisi badinga miphi imininingwane ukuthola ukuthi uyakhona ukukhokhela isikweletu na?;Iholo nezindleko;Intela oyikhokhayo;Amathikithi emoto;Umlando wakho wokukhokha;Abakweletisi badinga ukwazi ukuthi uhola malini nokuthi unezindleko zamalini. Kusuka lapho, bayabona ukuthi ungakhona yini ukukhokha isikweletu noma cha uma bekuboleka imali;11
Affordability;Retention;MC;Iziphi izindleko ekumele uzibale uma wenza isicelo sesikwetu?;Zonke izindleko;Izindleko eziyisidingo kuphela;Izindleko zemali esalayo kuphela;Irent negrosa kuphela;Abakweletisi abakwazi ukubona ukuthi ungakhona ukukhokhela isikweletu uma bengazazi izindleko zakho zonke. Ingakho kubalulekile ukusho izindleko zakho uma u aplaya;14
Affordability;Application;T/F;Uma i{affordability} yakho, ekuyikukhona kwakho ukukhokha, ingekho phezulu kakhulu, isicelo sesikweletu angeke siphumelele;Iqiniso;Amanga;;;i{{Affordability}} iyikukhona kwakho ukukhokhela isikweletu. Ukungabi ne {affordability} kusho ukuthi awunayo imali eyisipele ngenyanga ongakhokha ngayo i{debit order} noma i{instalment} yesikweletu;15
Affordability;Application;MC;Kuyini isidingo sokuthi abakweletisi bazi ukuthi usebenzisa imali kanjani ngenyanga?;Ukubona ukuthi uyakhona yini;Ukuvala isicelo;Ukukugweba;Ngoba bayakhona;Abakweletisi badinga ukwazi ukuthi uhola malini nokuthi unezindleko zamalini. Kusuka lapho, bayabona ukuthi ungakhona yini ukukhokha isikweletu noma cha uma bekuboleka imali;15
Affordability;Application;T/F;Indlela yokubheka i{affordability} yakho imali esalayo uma usukhokhele izindleko ({discretionary income});Iqiniso;Amanga;;;Abakweletisi badinga ukwazi ukuthi uhola malini nokuthi unezindleko zamalini. Uma imali yeholo yanele kanti zingeningi izindleko, maningi amathuba okuthola isikweletu;16
Affordability;Application;T/F;Uma uhola imali eningi, uba ne {affordability} enkulu;Amanga;Iqiniso;;;i{Affordability} iphathelene nemali esalayo eholweni uma usukhiphe imali yezindleko. Ukuhola kakhulu akwenzi ube ne {affordability} ephezulu uma unezindleko eziningi;16
Affordability;Application;T/F;Ukuhola kancane kuyigaranti ye {affordability} ephansi;Amanga;Iqiniso;;;i{Affordability} iphathelene nemali esalayo eholweni uma usukhiphe imali yezindleko. Kuyenzeka ukuthi uhole kancane kunomunye kodwa ube ne {affordability} encono ngoba unezindleko eziphansi;18
Affordability;Application;Y/N;Kulungile yini ukuthi umkweletisi engayibheki i{affordability} yakho?;Cha;Yebo;;;Abakweletisi abahlelekile abarejistile futhi abalandela imithetho ye {National Credit Act} kumele babheke i{affordability} yakho bengakakuniki isikweletu osiaplayele;19
Affordability;Seed;MC;Ungenza ini ukukhuphula i{affordability} yakho?;Ungaqeda enye yama {account} akho;Ungaqamba amanga ngezikweletu;Ungaqamba amanga ngeholo;Ungaboleka imali;Uma ukhokhela uqeda enye yama {account} onawo, uba nemali engasakhokheli isikweletu, eyenza kunyuke i{affordability} yakho;7
Affordability;Retention;MC;Ukukhokha yonke imali oyikweletayo ngesikweletu esiyi 1 kungenza ini?;Kunyusi i{affordability};Kwehlisa i{affordability};Kunyusa izindleko;Kunyusa izikweletu;Uma ukhokhela uqeda enye yama {account} onawo, uba nemali engasakhokheli isikweletu, eyenza kunyuke i{affordability} yakho;12
Affordability;Retention;Y/N;Uma ukhokhela uqeda i{account} yesitolo sezimpahla, uyanyuka yini i{affordability} yakho?;Yebo;Cha;;;Uma ukhokela uqeda enye yama {account} onawo, uba nemali engasakhokheli isikweletu, eyenza kunyuke i{affordability} yakho;13
Affordability;Application;MC;i{{Affordability}} yakho ingaba ncane uma ungenayo ini?;Imali engena njalo ngenyanga;Umngani onemali;Izitshalomali;Irekhodi lobugebengu;Uma uneholo elingangeni njalo ngenjwayelo, kungaba nzima ukuthi abakweletisi bazi ukuthi ungakhokha imali ethile njalo ngenyanga;16
Affordability;Application;T/F;i{Affordability} yakho yehla ngomzuzu uthatha isikweletu;Iqiniso;Amanga;;;Uma uthatha isikweletu esisha, unyusa imali oyikhokhela izikweletu, okunciphisa i{discretionary income} ekuyimali esala usukhokhele izikweletu. Uma iholo lingakhuphuki, une {affordability} encane;18
Affordability;Application;T/F;Uma une {affordability} ephansi, maningi amathuba okuthola isikweletu uma wenza isicelo;Amanga;Iqiniso;;;Akuhambi kanjalo. Uma i{affordability} yakho incane, mancane amathuba okunikezwa isikweletu ngesicelo;20
Creditworthiness and credit checks;Seed;MC;Amathuba akho okukhokhela imali yesikweletu osibolekile abizwa ngani?;{Creditworthiness};Inhlonipho esikweletini;Ukuphumelela kwesikweletu;{Debtworthiness};Umkweletisi uzofuna ukuthola ukuthi uthembhekile na ekukhokheleni izikweletu ngesikhathi ngokubheka ukuthi ukhokha kanjani ezinye izikweletu ozithathile. Lokhu yi {creditworthiness};5
Creditworthiness and credit checks;Retention;MC;Ngokwezimali ezihlelekile, i{creditworthiness} incike kuphi?;Irekhodi lezikweletu;Irekhodi lobugebengu;Irekhodi lokufunda;Umlando wokuqashwa;Igama lakho ezikweletini umlando wakho nokukhokhela kwakho izikweletu ngokusho kwabakweletisi abake bakubolekisela. Lokhu yi {proof} yomlando wakho;11
Creditworthiness and credit checks;Application;T/F;Irekhodi lakho lezikweletu lisetshenziswa ukuthola i{creditworthiness} yakho;Iqiniso;Amanga;;;Igama lakho ezikweletini umlando wakho nokukhokhela kwakho izikweletu ngokusho kwabakweletisi abake bakubolekisela. Lokhu yi {proof} yomlando wakho;16
Creditworthiness and credit checks;Application;T/F;Uma isicelo sesikweletu siphumelela kusho ukuthi umkweletisi ujabulile ngerekhodi lakho lezikweletu;Iqiniso;Amanga;;;Uma irekhodi lakho lezikweletu linamachashaza amaningi, umkweletisi engakunqabela isicelo sesikweletu. Uma irekhodi lakho linesinqumo sasenkantolo, kumele ngokomthetho isicelo sakho senqatshelwe;18
Creditworthiness and credit checks;Seed;MC;Irekhodi lakho lezikweletu lijwayele ukuvezwa iziphi izinto ezingu 2?;Iriphothi kanye nesko sesikweletu;Iholo nezindleko;i{Payslip} ne {statement} sase {bank};Inombholo yentela neye {ID};Amahhovisi okukweletisa ajwayele ukuveza irekhodi lakho lezikweletu ngeriphothi yezikweletu (umlando wokukhokha kwakho) nesko ({credit score}) okuyi nombholo esho amandla eriphothi lezikweletu zakho;3
Creditworthiness and credit checks;Retention;MC;Iriphothi lakho ({credit report}) ne {credit score} izinto ezikala ini?;Irekhodi lezikweletu;Irekhodi lemfundo;Irekhodi lentela;Irekhodi lokuqashwa;Amahhovisi okukweletisa ajwayele ukuveza irekhodi lakho lezikweletu ngeriphothi yezikweletu (umlando wokukhokha kwakho) nesko ({credit score}) okuyi nombholo esho amandla eriphothi lezikweletu zakho;10
Creditworthiness and credit checks;Application;T/F;Irekhodi lakho lidlala indima enkulu ekutholeni kwakho izikweletu esisha;Iqiniso;Amanga;;;Irekhodi lakho lisho ukuthi uyathembeka ekuthatheni nasekukhokheni izikweletu ngokusho kwesivumelwano. Uma unerekhodi elibi, amathuba okuthola isikweletu esisha mancane;16
Creditworthiness and credit checks;Application;T/F;Uma ujwayele ukungakhokhi ezikweletini, lokhu angeke kuthinte irekhodi lakho ({credit record});Amanga;Iqiniso;;;Ukungakhokhi imali ngisho kayi 1 akubizi ngenzalo kuphela. Kufaka ichashaza erekhodini lakho okungathinta amathuba akho okuthola isikweletu esisha.;17
Creditworthiness and credit checks;Application;MC;Abakweletisi balithola kuphi irekhodi lakho ezikweletini?;Kuma {credit bureau};{SARS};{Home affairs};Ebhange lakho;Amahhovisi ezikweletu ({credit bureaus}) amakhampani akoleka imininingwane yokukhokha izikweletu yabantu. Abakweletisi bathola lemininingwane ngomuntu ofaka isicelo sesikweletu kubo;17
Creditworthiness and credit checks;Seed;MC;Ubani owenza futhi oshintsha amarekhodi ezikweletu abantu?;Ama {credit bureau};Uhulumeni;Abakweletisi;Amabhange;Ama {credit bureau} aqoqa imininingwane yokukhokha kwabantu izikweletukubo bonke abakweletisi abanenhlangano nabo. Basebenzisa lemininingwane ukwenza amariphothi abantu ngabanye;7
Creditworthiness and credit checks;Retention;MC;Ikhampani eqoqa ama riphothi omlando wezikweletu zakho ibizwa ngani?;{Credit bureau};{Credit ombudsman};{Credit council};{Credit club};Ama {credit bureau} aqoqa imininingwane yokukhokha kwabantu izikweletu kubo bonke abakweletisi abanenhlangano nabo. Basebenzisa lemininingwane ukwenza amariphothi abantu ngabanye;8
Creditworthiness and credit checks;Retention;MC-AOTA;Iyiphi kwezibaliwe ekuyisibonelo se {credit bureau}?;Zonke ezibaliwe;TransUnion;Compuscan;XDS;Zonke izinkampani ezibaliwe ziyizibonelo zama {credit bureau}. Abakweletisi bangasebenzisa noma imaphi ama {credit bureau} uma lawo ma {bureau} berejistie ne {NCR};10
Creditworthiness and credit checks;Retention;MC;Ama {credit bureau} athola imininingwane yakho yokukhokha kuphi na?;Kubakweletisi osuke waboleka kubo;{Home affairs};{SARS};Emaphoyiseni;Ama {credit bureau} awacwaningi abantu. Athola imininingwane yawo kubanye abakweletisi bese beyawahlela khona ikhastoma lizoba nefayela lalo;11
Creditworthiness and credit checks;Retention;MC;Ama{credit bureau} ajwayele ukuletha irekhodi lakho ngesimo esinjani?;Iriphothi ne {score};Ngegrafu;Ngendaba;Ngamaphuza angu 10 uma ephelele;Ama {credit bureau} ajwayele ukuletha irekhodi lakho lezikweletu njengombiko osho umlando wakho wokukhokha kanye nenombholo eyi sko esiyinombholo esisho ukukhokha kwakho;13
Creditworthiness and credit checks;Application;T/F;Ama{credit bureau} ayizi nkampani ezizimele angasebenzi ngokuthanda abakweletisi;Iqiniso;Amanga;;;Ama {credit bureau} awamile namuntu. Wona nje abika imininingwane anayo avela kubakweletisi (noma enkantolo uma unesinqumo);16
Creditworthiness and credit checks;Application;T/F;Ama{credit bureau} asebenzisa imininingwane yomlando wakho eyiqiniso engajiki ukwenza amariphothi;Iqiniso;Amanga;;;Ama {credit bureau} awamile namuntu. Wona nje abika imininingwane anayo avela kubakweletisi (noma enkantolo uma unesinqumo);17
Creditworthiness and credit checks;Application;Y/N;Ingabe ama{credit bureau} ayizikhungo zika hulumeni na?;Cha;Yebo;;;Ama {credit bureau} ayizinkampani ezangasese ({private company}). Yize belandela umthetho futhi bebhekwa yi {National Credit Regulatory}, akusiso izikhungo zikahulumeni;18
Creditworthiness and credit checks;Application;T/F;Ama{credit bureau} iyiminyango ({departments}) ema {bank};Amanga;Iqiniso;;;Ama {credit bureau} ayizinkampani ezangasese ({private company}). Yize amabhange ebika kubo, bazimele futhi abangeni ngaphansi kwama {bank} athile;18
Creditworthiness and credit checks;Seed;T/F;Ingabe umuntu ofuna ukubona irekhodi lakho lezikweletu udinga imvume yakho na?;Yebo;Cha;;;Zonke izikhungo nabantu bengafuna ukubona irekhodi lakho lezikweletu ({credit record}) ngokusemthethweni, kodwa badinga imvume yakho ukubona lelo rekhodi;4
Creditworthiness and credit checks;Retention;T/F;Abakweletisi kuphela abangathola i{credit report} lakho;Amanga;Iqiniso;;;Abakweletisi abasemthethweni bangawuthola umbiko wezikweletu zakho ({credit report}) noma yinini uma u aplayela isikweletu. Wena nawe ungazicelela i{credit report} yakho kuma {credit bureau};10
Creditworthiness and credit checks;Retention;MC;Uthola amariphothi mahala awungaki ngonyaka?;1 kuyi {credit bureau} eyi 1;5 kuma {credit bureau} angu 5;1 ngokugcwele;Awekho awamahala;Ungathola i{credit report} ekungumbiko weikweletu zakho mahala kuyi {credit bureau} ebhalisile. Ungayicela kaningi, kodwa angeke kube mahala;11
Creditworthiness and credit checks;Application;T/F;Umthetho uthi wonke umuntu engathola iriphothi eyi 1 ngonyaka mahala kuma {credit bureau} onke;Iqiniso;Amanga;;;Ungathola i{credit report} ekungumbiko wezikweletu zakho mahala kuyi {credit bureau} ebhalisile. Ungayicela kaningi, kodwa angeke kube mahala;16
Creditworthiness and credit checks;Application;T/F;Uzokhokha njalo uma ufuna iriphothi lakho lezikweletu;Amanga;Iqiniso;;;Ungathola i{credit report} ekungumbiko weikweletu zakho mahala kuyi {credit bureau} ebhalisile. Ungayicela kaningi, kodwa angeke kube mahala;17
Creditworthiness and credit checks;Application;T/F;Ukucela ukubona iriphothi lakho kungenza ulawule izikweletu zakho kancono;Iqiniso;Amanga;;;Angeke wazi ukuthi abakweletisi bakubona kanjani ngokwezikweletu uma ungayibonanga i{credit report} yakho. Kuhlakaniphile futhi ukwazi ukuthi irekhodi lakho lezikweletu limi kahle na;18
Creditworthiness and credit checks;Seed;MC-AOTA;Iriphothi lezikweletu ({credit report}) lisho ini?;Zonke ezibaliwe;Izimali ongazikhokhanga;Ukhokha kanjani izikweletu;Unezikweletu ezingakanani;Ungabika isikhalazo ngemininingwane yakho yokukhokhela izikweletu, kanye nama {arrears} nezinye izinto eziphathelene nokukhokha kwakho izikweletu;7
Creditworthiness and credit checks;Retention;MC;Iliphi elinye igama lokusho i{credit report}?;{Credit history} (umlando wezikweletu);Imilayezo yezikweletu;Imibhalo yezikweletu;Umlando wemali;Ama {credit bureau} aphethe ulwazi lokukhokha kwakho izikweletu ngeriphothi yezikweletu ephethe umlando wakho nokukhokha. Uma ungakaze uthathe isikweletu, angeke ube nomlando;9
Creditworthiness and credit checks;Retention;MC-AOTA;Iyiphi kwezibaliwe engavela kuyi riphothi lakho (phecelezi kuyi {credit report})?;Zonke ezibaliwe;Ama {account} adifolthiwe ({defaulted accounts});Izinqumo zenkantolo zezikweletu;Izicelo zezikweletu ezingaphumelelanga;Ama {account} okuthiwa adifolthiwe ({defaulted}) angama {account} la onama {arrears} adlula u 3 {months}, izinqumo zenkantolo, kanye nala izicelo zakho zingaphumelelanga khona yizinto ezithinta igama irekhodi lakho;10
Creditworthiness and credit checks;Retention;MC;Ngenjwayelo. abakweletisi babika nini kuma {credit bureau}?;Njalo ngezinsuku ezingu 30;Njalo ngamasonto amabili;Nsuku zonke;Kanye ngonyaka;Ama {credit bureau} ajwayele ukuriphotha ukukhokha kwamakhasimende njalo ezinsukwini ezingu 30. Yingakho igama lakho nerekhodi lakho kushintsha njalo ngezinsuku ezingu 30;13
Creditworthiness and credit checks;Application;T/F;Uma kunemali ongayikhokhanga, kuthinta igama lakho ne {credit report} yakho kabi;Iqiniso;Amanga;;;Ukungakhokhi ngisho inyanga eyodwa kunemiphumela engekho mihle ngaphezu kwezinzalo. Kuyabhalwa egameni lakho, kuvela eriphothini yakho;15
Creditworthiness and credit checks;Application;Y/N;Imininingwane kuyi {credit report} yakho ivela kubakweletisi une {account} nabo?;Yebo;Cha;;;Ama {credit bureau} ajwayele ukuriphotha ukukhokha kwamakhasimende njalo ezinsukwini ezingu 30. Yingakho igama lakho nerekhodi lakho kushintsha njalo ngezinsuku ezingu 30;16
Creditworthiness and credit checks;Application;T/F;Iriphothi lakho lisho ukuthi ukhokha kahle kanjani izikweletu;Iqiniso;Amanga;;;Iriphothi lakho lisho ukuthi uthembekile na ekukhokheleni isikweletu ovumile ukusibuyisela. Uma izinto erekhodini lakho zithi awukhokhi kahle, mancane amathuba okuthola isikweletu esisha;16
Creditworthiness and credit checks;Seed;MC;Inombolo esho amandla eriphothi lakho ibizwa ngani?;{Credit score};{Credit number};{ID number};Isibalo sesikweletu;i{Credit score} yakho incike em'niningwaneni ekuyi riphothi yakho yezikweletu. i{Score} esiphezulu sisho une {credit report} enhle, okusho ukuthi ukhokha imali ngesikhathi;4
Creditworthiness and credit checks;Retention;MC;Yini kwezibaliwe engathathwa njengesifinyezo ({snapshot}) se {credit report} yakho?;i{Credit score} yakho;Inombolo yakho ye {credit};Inombolo yakho yentela;i{Score} sakho sentela;i{Credit score} yakho incike em'niningwaneni ekuyi riphothi yakho yezikweletu. i{Score} esiphezulu sisho une {credit report} enhle, okusho ukuthi ukhokha imali ngesikhathi;9
Creditworthiness and credit checks;Retention;MC;i{Credit score} yakho incike kuphi?;Kuyi {credit report} yakho;Kuyi {account} yase {bank};Umlando wokuqashwa kwakho;i{Score} sakho sentela;i{Credit score} yakho incike em'niningwaneni ekuyi riphothi yakho yezikweletu. i{Score} esiphezulu sisho une {credit report} enhle, okusho ukuthi ukhokha imali ngesikhathi;11
Creditworthiness and credit checks;Retention;MC;i{Credit score} yakho ibuyekezwa nini?;Kanye ngenyanga;Kanye ngosuku;Kanye ngonyaka;Kabili ngonyaka;Ama {credit bureau} ajwayele ukuriphotha ukukhokha kwamakhasimende njalo ezinsukwini ezingu 30. Yingakho igama lakho nerekhodi lakho kushintsha njalo ngenyanga;12
Creditworthiness and credit checks;Application;T/F;i{{Credit score}} yakho iveza ukukhokha kwakho izikweletu;Iqiniso;Amanga;;;Ama {credit bureau} ajwayele ukuriphotha ukukhokha kwamakhasimende njalo ezinsukwini ezingu 30 okungaveza ushintsho eriphothini yakho yezikweletu. Uma ungakhokhi inyanga, kuzongena erekhodini lakho ngenyanga ezayo;17
Creditworthiness and credit checks;Application;T/F;Ukungakhokhi akuyishintshi i{credit score} yakho;Amanga;Iqiniso;;;Ama {credit bureau} ajwayele ukuriphotha ukukhokha kwamakhasimende njalo ezinsukwini ezingu 30 okungaveza ushintsho eriphothini yakho. Uma ungakhokhi inyanga, kungena erekhodini ngenyanga ezayo;17
Creditworthiness and credit checks;Application;T/F;Uma i{credit score} yakho iphansi, kusho ukuthi kunezinkinga ngendlela osebenzisa ngayo imali;Iqiniso;Amanga;;;i{Credit score} yakho incike emininingwaneni eseriphothini yakho. Uma i{score} sakho sehla ngamaphuzu, kusho ukuthi khona into engeyinhle ebikiwe kuyi {credit bureau};18
Creditworthiness and credit checks;Application;T/F;i{Credit score} yakho ayihlangene nomlando wakho wokukhokha;Amanga;Iqiniso;;;i{Credit score} yakho incike emniningwaneni kuyi riphothi lakho lezikweletu ({credit report}), okungumlando wakho nokukhokha kwakho kwezikweletu ozithathile;18
Creditworthiness and credit checks;Application;T/F;i{Credit score} yakho ihlanganisa amandla e{credit report} yakho;Iqiniso;Amanga;;;i{Credit score} yakho incike em'niningwaneni ekuyi riphothi yakho yezikweletu. i{Score} esiphezulu sisho une {credit report} enhle, okusho ukuthi ukhokha imali ngesikhathi;19
Creditworthiness and credit checks;Application;T/F;Usengaba nayo i{{credit score enkulu}} uma {credit report} yakho ibuthakathaka;Amanga;Iqiniso;;;i{Credit score} yakho incike em'niningwaneni ekuyi riphothi yakho. i{Score} esiphezulu sisho une {credit report} enhle, kanti esiphansi sisho ukuthi iriphothi lakho alikho lihle;19