﻿Concept;Question class;Question type;Question content;Answer;Alternative 1;Alternative 2;Alternative 3;Explanation;Difficulty rating (</= 20)
Income and expenditure;Seed;MC;Kuyini imali yeholo?;Imali oyiholayo;Imali othenga ngayo;Intela oyikhokhayo;Abantu abakuvakashelayo;Iholo yimali oyitholayo njalo. Ngenjwayelo, lemali uyithola ngokuyisebenzela (ngokudayisa noma ngomsebenzi omunye) kodwa izipho, ama{donation} kanye nemiklomelo ibala njenge holo.;4
Income and expenditure;Retention;MC;Imali oyitholayo njalo ngesikhathi esithile ibizwa ngani?;Iholo;Izindleko;Intela oyikhokhayo;Intlawulo;Iholo yimali oyitholayo njalo. Ngenjwayelo, lemali uyithola ngokuyisebenzela (ngokudayisa noma ngomsebenzi omunye) kodwa izipho, ama{donation} kanye nemiklomelo ibala njenge holo.;7
Income and expenditure;Retention;MC;Ngokwezimali, kuyini ama {{earnings}}? ;Imali oyiholayo emsebenzini;Yonke imali oyitholayo, ngisho nama {donation};Imiklomelo;Imali yentela;Ama {earning} imali abantu abayihola ngomsebenzi. Awayibali imali yama {donation} noma izipho zemali nemiklomelo;7
Income and expenditure;Retention;MC;Imali oyithola emsebenzini ibizwa ngani;Ama {earning};Izindleko;Intela;Ama {donation};Iholo lenyanga yimali oyithola emsebenzini ngenyanga. Ebantwini abaningi, iholo labo liqhamuka emsebenzini. Abanye basebenza imisebenzi eminingi la imlai iqhamuka khona;8
Income and expenditure;Retention;MC;Ibizwa ngani imali oyithola njalo ngenyanga;Iholo lenyanga;Intela yenyanga;Imiklomelo yenyanga;Izindleko zenyanga;Iholo lenyanga yimali oyithola emsebenzini ngenyanga. Ebantwini abaningi, iholo labo liqhamuka emsebenzini. Abanye basebenza imisebenzi eminingi la imlai iqhamuka khona;9
Income and expenditure;Retention;Y/N;Ukusebenza yiyona yodwa yini indlela yokuthola iholo?;Cha;Yebo;;;Izindlela ezihlukile sokuthola iholo ziphatha iholo lenyanga, iholo le {wage}, ukudayisa, kanye nama {donation}.;10
Income and expenditure;Retention;Y/N;Ukuba nebhizinisi lakho yindlela yokwenza imali ;Yebo;Cha;;;Akubona bonke abantu abasebenzela abanye abantu. i{Profit} ongayenza ngebhizinisi lakho yindlela ehlakaniphile yokuthola i{income};11
Income and expenditure;Retention;MC;Izindlela ezahlukile zokuthola imali zibizwa ngani;Imvelaphi yeloho ({source of income});Imvelaphi yentela ({sources of tax});Imali ephumayo ({deductions});Izindleko;Imvelaphi yeholo ifaka iholo lenyanga neholo lama {wage} (kwabasebenzea abanye abantu), i{commission}, ukudayisa, ama{donation}, kanye ne mela ebuya kuzitshalo mali ({return on investment}).;12
Income and expenditure;Retention;MC;Kuyini {{imali}} engena {{ekhaya}} ({{household income}})?;Imali yabantu abahlala ndawonye ihlangnisiwe;Ukunyuka kwesibizo sekhaya;Isibizo sendlu yasekhaya;Imali oyihola ngomculo we {house};Imali engena ekhaya ({household income}) yimila yabo bonke abantu abahlala ekhaya ndawonye. Kunabantu abangaholi endlini, abangafaki imali endlini, njengezingane ezincane.;13
Income and expenditure;Application;Y/N;Umuntu uyakwazi yini ukuba namaholo ({source of income}) angaphezulu kweholo eliyi 1?;Yebo;Cha;;;Ungaba nemisebenzi namaholo amaningi, uma nje ukhokha intela efanele kulawomaholo;13
Income and expenditure;Application;MC-AOTA;Yiziphi ezibaliwe ezingena eholweni lasendlini ({household income});Zonke ezibaliwe;Impesheni ({pension});i{Commission};Iholo lenyanga;Iholo, impesheni, nemali ebuya kuzitshalo mali ({return on investments}) yizindlela abantu abathola ngayo izimali. Zonke zibalwa ngezindlela zokuthola imali esaholo.;17
Income and expenditure;Application;Y/N;Imali yeqolo ({child support}) iyabalwa yini njenge holo;Yebo;Cha;;;Imali yeqolo ({child support} noma i{maintenance}) yimali ekhokhwa ngumzali wengane komunye umzali ukunakekela ingane. Ibalwa njenge holo;18
Income and expenditure;Application;T/F;Ama {donation} abala njenge holo;Iqiniso;Amanga;;;Ngisho ngabe ama {donation} engabali njengemali esetshenzelwe, ayabalwa njengeholo. Abaluleke kakhulu kuma {non-profit organization} ngoba ahola ngama {donation}.;15
Income and expenditure;Seed;MC;Kuyini izindleko ({expenses})?;Into osebenzisa imali kuyona;Into ongayikhoni;Indlela yokwenza imali;Uhlobo lwentela ;Izindleko yimikhiqizo ({products}) nama {service} osebenzisa imali kuwo njenge {airtime}. Uyazikhethela ukuthi usebenzisa malini ezindlekweni zakho;2
Income and expenditure;Retention;MC;Ibizwa ngani imali yonke oyisebenzisayo ngenyanga?;Izindleko zenyanga ({monthly expenses});Intela yenyanga;Iholo lenyanga;Imali yenyanga engenayo;Imali yonke oyisebenzisayo ngenyanga ({monthly expenses}) imali yonke oyisebenzisa ngenyanga ebala i{rent}, ama{rates}, igrosa, i{Insurance} kanye ne {transport};8
Income and expenditure;Retention;MC;Yini elinye igama lokubiza yonke imali oyisebenzisa ngenyanga?;Imali ye {monthly spend};Intela yenyanga;Inzalo yenyanga;Iholo le {gross salary};Ngokwezimali, isambha semali oyisebenzisa ngenyanga sibizwa nge {monthly spend}. Leyo yimali yazo zonke izinto ozikhokhelayo ngenyanga isihlanganisiwe;8
Income and expenditure;Retention;MC;Iyiphi kulezi ekungenye indlela yokusho imali oyisebenzisa nganyanga ({monthly expenses})?;{Monthly expenditure};{Monthly income};{Monthly interest};{Monthly salary};Imali yonke oyisebenzisayo ngenyanga ({monthly expenses}) ibizwa nge {{monthly expenditure}}. Ibala i{rent}, ama{rates}, igrosa, i{Insurance} kanye ne {transport};9
Income and expenditure;Retention;MC;Kuyini izindleko ezingajiki {fixed expenses}?;Into oyikhokhelayo engashintshi isibizo kakhulu;Imali yokukhanda into;Uhlobo lweholo;Uhlobo lwe {variable expense};Izindleko ezi {fixed} yizindleko ezingajiki ngezinyanga kanjenge {school fees} ne {rent}. Noma zinganyuka, azishintshi ngokuzisebenzisa kwakho.;11
Income and expenditure;Retention;MC;Into oyikhokhelayo ({expense}) engajiki ngenyanga ibizwa ngani?;{Fixed expense};{Variable expense};Ukubiza kwezindleko;i{Expense} yesonto;Izindleko ezi {fixed} yizindleko ezingajiki ngezinyanga kanjenge {school fees} ne {rent}. Noma zinganyuka, azishintshi ngokuzisebenzisa kwakho.;12
Income and expenditure;Retention;MC;Kuyini izindleko ze {variable expense}?;Izindleko ezijika kakhulu;Iwashi elibizayo;Uhlobo lwentela;Uhlobo lwezindleko ezi {fixed};Ama {variable expenses} ashintsha kakhulu ngokuwasebenzisa kanjenge {airtime} noma i{account} yesitolo la othenga khona izimpahla;13
Income and expenditure;Retention;MC;Izindleko ({expense}) ezijika kakhulu zibizwa ngani?;{Variable expense};i{Expense} yentela;i{Expense} yonyaka;i{Expense} yokurenta;Ama {variable expenses} ashintsha kakhulu ngokuwasebenzisa kanjenge {airtime} enyuka nokunyuka kwendlela oyisebenzisa ngayo;14
Income and expenditure;Application;MC-AOTA;Yiziphi izinto ezibalwa njengezindleko {expenses}?;Zonke ezibaliwe;Igrosa;i{Rent};i{Airtime};Igrosa, i{rent}, kanye ne {airtime} yizindleko. Ezinye izindleko, kanjenge grosa noma i{rent}, zibalulekile kunezinye (kanjenge {airtime});15
Income and expenditure;Application;MC;Yiziphi izinto ezingabalwa njengezindleko?;Impesheni oyitholayo;u{Petrol};Izinto sokugeza;i{DSTV};Impesheni ({pension}) uhlobo lweholo, kanti u{petrol} nezinto zokugeza ne {DSTV} yizindleko. Kodwa ukukhokha imali kuyi {pension fund} kungena ezindlekweni;15
Income and expenditure;Application;MC;Iyiphi kwezibaliwe ekuyisibonelo sendleko e{fixed}?;i{School fees};i{Airtime};i{Data};u{Chocolate};Kule {list} yi {school fees} kuphela esiyindleko e{fixed} ngoba sijwayele ukungashintshi unyaka wonke. i{Airtime} ne {data} kushintsha kakhulu ngendela okusebenzisa ngayo;17
Income and expenditure;Application;MC-F;Yini kulezi ezibaliwe okuyizindleko ezingajiki ({fixed expense});i{Rent};i{Airtime};Igrosa;Zonke ezibaliwe;Kulezizinto ezibaliwe, i{rent} iyo yodwa okuyiindeko eyingajiki ngesikhathi eside. i{Airtime} negrosa kushintsha ngokuzisebenzisa kwakho;18
Income and expenditure;Application;MC;Iyiphi indleko ({expense}) ejikayo ({variable}) kwezibhaliwe?;i{Transport};{School fees};i{Rent};i{Medical aid};;18
Income and expenditure;Application;MC;Iyiphi kulezi eyi {variable expense}?;i{Data};i{Rent} oyikhokhile;{School fees};i{Medical aid};i{Data} iyo yodwa i{variable expense} ngoba ingashintsha ngezinyanga ngokuyisebenzisa kwakho;18
Income and expenditure;Application;MC;Uma wenza i{budget}, yini isizathu sokungayifaki intela yeholo ({income tax}) ezindlekweni?;Intela awukhethi ukuyikhokha. Kuyimpoqo;Ukhokha intela uma uthanda;Intela uhlobo lweholo;Izindleko azibalwa kuyi {budget};Intela imali esuswa eholweni ungakalitholi. Ihlukile ezindlekweni ngoba awukwazi ukukhetha ukungayikhokhi. Kepha uyikhokha intela uma uhola imali ethize noma ngaphezulu;20
Income and expenditure;Application;MC;Uma wenza i{budget}, yini isizathu sokungayifaki i{UIF} ezindlekweni?;Ingena kuma {deduction};Ukhokha i{UIF} uma uthanda;i{UIF} eyabasebenzi bahulumeni;i{UIF} eyabafudi;i{UIF} imali esuswa eholweni ungakalitholi. Ihlukile ezindlekweni ngoba awukwazi ukukhokha kancane kuyo. Akusiwo wonke umuntu okhokha i{UIF};17
Income and expenditure;Application;T/F;i{Rent} kungaba yizindleko, noma kube yiholo;Iqiniso;Amanga;;;{Rent} ingena ezindlekweni uma uyikhokha. Kodwa uma umuntu ekhokha i{rent} kuwe, kungaba yiholo;16
Income deductions;Seed;MC;Imali esuswa eholweni ibizwa ngani?;Ama {deductions} eholo;Iholo langaphezulu;Imvelaphi yeholo;Uku{subtract}a iholo;Abanye abanta bakhishelwa ama {deductions} {before} iholo. i{UIF} kanye nentela ama {deductions} aphoqekile owakhokha ungakaholi. Umqashi engakuthathela ama {deductions} afana ne {medical aid};6
Income deductions;Retention;MC;Asuswa nina ama {deduction} eholweni lakho?;Ungakalitholi iholo;Uqeda ukuthola iholo;Ngezi 15 zenyanga;Ekupheleni konyaka;Uma unawo ama {deduction}, asuswa ngumqashi wakho. Uma usuhola, ama {deduction} asthethiwe;8
Income deductions;Retention;MC;Yiziphi izinto ezijweyele ukuba ngama {deductions}?;i{UIF} nentela yeholo;iIgrosa ne {airtime};i{Rent} ne {transport};i{School fees} nemali yomnikelo esontweni;i{UIF} kanye nentela ({income tax}) yizo zodwa izinto ezibhaliwe ezingama {deductions} eholo. Zonke ezinye izindleko. Ama {deductions} ahlukile ekuthni abanjwa ungakayitholi imali yakho;12
Income deductions;Retention;MC;Yini echaza ama {deductions} awe {{UIF}} kahle?;Uhlobo le {deduction} yeholo;Uhlobo lokwengezwa kweholo;Imvelaphi yeholo;Imali ebizwa nge {subtraction} yeholo;i{UIF} iyi {deduction} ekhokhwa yiningi labaqashi nabasebenzi. Imele i{Unemployment Insurance Fund} - i{insurance} ebekwe uhulumeni ekhokhela abantu uma bephelelwa um'sebenzi (ngezizathu izithize);13
Income deductions;Retention;MC;Yiziphi izinto ezingama {deductions} eholweni?;Intela eholweni;intela ye {VAT};Ukunyuka kweholo;i{Bonus} ekupheleni kwenyanga;Intela yeholo intela ephoqelekile kubantu abahola imali ethile. Ngonyaka ka 2020, umaa ungaphansi kwa 65 {years}, kumele ukhokhe intela uma uhola ngaphezu kuka R79 000 ngonyaka (R6 583 ngenyanga);14
Income deductions;Retention;MC;Iyiphi kulezi ekungesiyo i{deduction};i{Airtime};Zonke;Intela;i{UIF};i{Airtime} ijwayele ukuba yi {expense}, hayi i{deduction};12
Income deductions;Application;T/F;Ama {deduction} nezindleko yinto efanayo;Amanga;Iqiniso;;;Ama {deduction} nezindleko izinto ezihlukene. Ama {deduction} athathwa ungakalitholi iholo, kanti izindleko uzikhokha usuholile, futhi uyakwazi uku {control}a izindleko kakhudlwana;16
Income deductions;Application;T/F;i{Medical aid} ingaba yi {deduction} futhi ibe yi {expense};Iqiniso;Amanga;;;Uma uzikhokhela i{medical aid}, iba yi {expense}. Uma ukhokhelwa ngumqashi ungakaholi, iba yi {deduction};17
Income deductions;Application;MC;Ikuphi la i{medical aid} engesiyona i{deduction};Uma umqashi ekukhokhela yona;Uma uzikhokhela;Uma oshade naye ekukhokhela;Uma abazali bekukhokhela;Uma umqashi ekukhokhela i{medical aid}, ayibalwa ezindlekweni zakho, ibalwa kuma {deduction}. Kuyenzeka umqashi ekukhokhele i{medical aid} ngokugcwele, lapho ayibalwa kuma {deduction}.;17
Income deductions;Application;Y/N;Wonke umuntu osebenzayo unama {deduction} na?;Cha;Yebo;;;Akuwona wonke umuntu onama {deduction}. Abanye abantu bahola kancane ukukhokha intela yeholo. Ngokunjalo, i{UIF} ayikho kuma {public servant} nabantu abasebenza ngaphansi kwamahora angu 24 ngenyanga;18
Income deductions;Application;T/F;i{Rent} iyisibonelo se {deduction} yeholo;Amanga;Iqiniso;;;i{Rent} ibalwa ezindlekweni ezi {fixed}, hayi kuma {deductions}. Lokhu yingoba ayithathwa eholweni ungakalitholi;18
Income deductions;Seed;MC;Umele ini u {UIF} ngokwezimali eziphathelene nawe?;{Unemployment Insurance Fund};{Uninterrupted Insanity Fund};{Unemployment Intelligence Federation};{Understated Insurance Fanclub};i{Unemployment Insurance Fund} ({UIF}) yisikhhungo esisiza abantu abaphelelwe ngumsebenzi ngokubakhokhela bengakawutholi omunye umsebenzi. Akuwona wonke umuntu ongathola i{UIF}.;4
Income deductions;Retention;MC;Yaziwa ngani imal oyikhokhela i{UIF};{UIF payments};{Medical aid payments};{UFO payments};{Insurance fraud};Uma usuke wayibona i{UIF} kuyi {payslip} yakho ungazi ukuthi kuyini kahle kahle, yimali oyikhokhela i{insurance} yabantu abangaqashiwe;8
Income deductions;Retention;MC;Ivela kuphi imali ye {UIF} yabantu abaphelelwe ngumsebenzi?;Abasebenzi nabaqashi bobabili;Abasebenzi kuphela;Abaqashi kuphela;Kuhulumeni kuphela;Ngokomthetho, abasebenzi kanye nabaqashi abaningi bakhokhela i{Unemployment Insurance Fund} ngokuhlanganisiwe. i{Maximum} yeholo elingathathelwa i{UIF} ngu 1%;9
Income deductions;Retention;MC;Ubani okumele enze ama {deduction} ekhokhele i{UIF} eholweni lakho?;Umqashi;Umsebenzi;i{UIF};u{President};Uma i{UIF act} ikuthinta, kumele umqashi wakho eyithathe i{UIF} ungakakhokhelwa iholo;10
Income deductions;Application;Y/N;Ikhona yini imisebenzi la i{UIF} engangeni khona;Yebo;Cha;;;i{UIF} ayingeni ebantwini abangama {public servant}, abafundi, nabantu abavela kumanye amazwe beze ngomsebenzi, kanye nabasebenzela umqasha ngaphansi kwa 24 {hours} ngenyanga;16
Income deductions;Application;Y/N;Uyakwazi ukuthola izimali ze {UIF} uma ungayikhokheanga i{UIF} na?;Cha;Yebo;;;Uma uphelelwa ngumsebenzi awukwazi ukuthola imali kuyi {UIF} uma ubungayikhokheli i{UIF};17
Income deductions;Application;MC;Ingxenye engakanani yeholo engathathelwa i{UIF} ngokomthetho;1%;5%;3%;10%;Imali ye {UIF} idingeka ngokomthetho ebasebenzini nasebaqashini. Abasebenzi nabaqashi kumele beyikhokhele bobabili, futhi imali yakho ingaba ngaphezu kwe 1% weholo;18
Income deductions;Seed;MC;Kuyini intela ye {{personal income tax}}?;Yintela ekhokhwa ngabantu abaholayo;Intela ekhokhwa ngamabhizinisi;Intela ekhokhwa ngamazwe;Ubugebengu obuthile;Intela ye {personal income tax} imali efanele ukukhokhwa ngokomthetho kuhulumeni evela emaholweni abasebenzi. Ikubona bonke abasebenzi abakhokha intela, futhi ayilingani intela ekhokhwa ngabantu;6
Income deductions;Retention;MC;Ubani okumele ekhokhe intela ekuyi {personal income tax}?;Abasebenzi abahola imali ethize;Abantu abangaqashiwe;Izingane zesikole;Muntu;Intela yeholo intela ephoqelekile kubantu abahola imali ethile. Ngonyaka ka 2019, umaa ungaphansi kwa 65 {years}, kumele ukhokhe intela uma uhola ngaphezu kuka R78 150 ngonyaka (R6 512.50 ngenyanga);12
Income deductions;Retention;MC;Isigaba seholo la abantu ekumele bakhokhe khona intela sibizwa ngani?;{Tax threshold};{Tax rebate};Isaphulelo se {tax};{Tax fraud};Akuwona wonke umuntu okhokha intela eholweni. Kukhona izigaba ezihlukile ngobudala bakho nemali oyihola ngenyanga. Ngaphezu kwalokho, intel iyi {percent} lemali oyiholayo;12
Income deductions;Retention;MC;Ibaphi kulaba abanyeke bekhokhe intela?;Abantu abangaqashiwe;i{CEO};i{Acountant};Umumeli;Ungasho ukuthi abantu abahola kakhulu njengabemeli nama {CEO} banayo imali yokubanjelwa intela, la umuntu ongasebenzi engenayo imali yokukhokhela intela;10
Income deductions;Retention;MC;Ubani oshoyo ukuthi abasebenzi kumele bekhokhe intela engakanani?;Uhulumeni;Umqashi wakho;Izinkampani;Abasebenzi;Umqashi wakho kumele ekubambhele imali yentela, kodwa abakhethi ukuthi ukhokha malini. Uhulumeni oshoyo ukuthi ukhokha malini enteleni;11
Income deductions;Retention;MC;Isiphi isikhungo sikahulumeni esishoyo ukuthi kumele ukhokhe intela engakanani?;u{SARS};u{Eskom};u{SANRAL};Umongameli wezwe;i{South African Revenue Service} eyaziwa nge {SARS} iyisikhungo sikahulumeni esithatha intela e{South Africa};13
Income deductions;Retention;MC;Umele ini u{SARS}?;{South African Revenue Service};{South African Rand Society};{Southern African Red Space};{South West Revenue Service};i{South African Revenue Service} eyaziwa nge {SARS} iyisikhungo sikahulumeni esithatha intela e{South Africa};12
Income deductions;Retention;MC;Abantu bajwayele ukukhokhela intela kanjani?;Isuswa eholweni ngama {deduction};Bayazikhokhela;Nge {debit order};Ngekhadi;Uma usebenzela umqashi la uhola khona imali ebanjelwa intela, kumele leyo ntela ikhokhwe ungekaholi - k'shuthi ingena kuma {deduction}. Ungayibona kuyi {payslip} leyo ntela;14
Income deductions;Application;T/F;Intela ye {income tax} yingxenye yeholo labantu eliya kuhulumeni;Iqiniso;Amanga;;;Njengezakhamuzi, sikhokha intela kuhulumeni azikhokhela ama {service} esiwasebenzisayo kanjengemigwaqo, izibedlela, izikole, kanye nogesi.;16
Income deductions;Application;T/F;Wonke umuntu ukhululekile ukuzikhethela ukukhokha intela noma cha;Amanga;Iqiniso;;;Uma kumele ukhokhe intela, kumele uyikhokhe ngokomthetho. Uma ungayikhokhi ungajeziswa futhi ungangena ejele;17
Income deductions;Application;T/F;Wonke umuntu ukhokhela intela ngisho ngabe uhola malini;Amanga;Iqiniso;;;Kunemali okumele uyihole khona uzokwazi ukukhokhela intela. Uma uhola imali ye {minimum wage} angeke ukhokhele intela;18
Income deductions;Application;MC-AOTA;Intela isetshenziselwa ini?;Zonke ezibaliwe;Kuhulumeni;Ukukhokhela amasevisi;Ukukhokhela izindawo zeningi;Njengezakhamuzi, sikhokha intela kuhulumeni azikhokhela ama {service} esiwasebenzisayo kanjengemigwaqo, izibedlela, izikole, kanye nogesi.;18
Income deductions;Seed;MC;Izinga lentela olikhokhelayo libizwa ngani?;i{Tax rate};i{Tax fraud};Iholo;Isikweletu;Imali yentela okumele uyikhokhe iyishintsha ngokushintsha kwemali oliholayo. Ngamanye amazwi, kunama {tax rate} ahlukile ngokwemali oyiholayo;7
Income deductions;Seed;MC;Izinga leholo la oqala khona ukukhokhela intela libizwa ngani?;i{Tax threshold};i{Tax rebate};Ikhefu lentela;i{Tax fraud};Akuwona wonke umuntu okhokha intela eholweni. Kukhona izigaba ezihlukile ngobudala bakho nemali oyihola ngenyanga. Ngaphezu kwalokho, intel iyi {percent} lemali oyiholayo;8
Income deductions;Retention;MC;Imali yentela oyikhokha ngonyaka incike kuphi kakhulu?;Imali oyiholayo;Izikweletu onazo;Imali okwazi ukuyikweleta;Umuntu omusebenzelayo;u{SARS} oshoyo ukuthi kumele kukhokhwe intela ye {percent} elingakanani kubantu abahola imali engakanani. Uma uhola kakhulu ukhokha intela enkulu. Ungaxhumana no {SARS} ukuthola izilinganiso zentela;10
Income deductions;Retention;MC;Uqala nini futhi uphela nini unyaka wentela e{South Africa}?;{March} kuya ku {February};{January} kuya ku {December};{June} kuya ku {July};{December} kuya ku {January};Unyaka wentela uqala ngo {March} uphele ngo February wonyaka olandelayo. Ngokwesibonelo, u 2019 wentela uqale ngo 1 {March} 2018 uphele ngo 28 {February} 2019;11
Income deductions;Retention;MC;Ithini i{tax threshold} yabantu abangaphansi kuka 65 okwamanje?;R6 583 ngenyanga;R2550 ngenyanga;R1000 ngenyanga;R20 000 ngenyanga;Intela yeholo intela ephoqelekile kubantu abahola imali ethile. Ngonyaka ka 2020, uma ungaphansi kwa 65 {years}, kumele ukhokhe intela uma uhola ngaphezu kuka R79 000 ngonyaka (R6 583 ngenyanga);12
Income deductions;Retention;MC;Ithini i{tax threshold} yabantu abaphakathi kwa {{65}} no {{75}} okwamanje?;R10 191 ngenyanga;R3085 ngenyanga;R2000 ngenyanga;R20 000 ngenyanga;Ngonyaka wentela wa 2020, uma ungaphakathi kwa 65 no 75 ubudala, uhola ngaphansi kuka R10 191 ngenyanga, iholo lakho alikhokhi intela. Ngamanye amazwi, awuyikhokhi intela;14
Income deductions;Retention;MC;Ithini i{tax threshold} yabantu abangaphezulu kuka 75? okwamanje;R11 395 ngenyanga;R4275 ngenyanga;R3000 ngenyanga;R20 000 ngenyanga;Ngonyaka wentela wa 2020, uma ungaphezulu kuka 75 ubudala, uhola ngaphansi kuka R11 395 ngenyanga, iholo lakho alikhokhi intela. Ngamanye amazwi, awuyikhokhi intela;14
Income deductions;Application;T/F;i{Percent} lentela olikhokhayo lincike emalini oyiholayo;Iqiniso;Amanga;;;Intela okumele uyikhokhe incike emalini oyiholayo. Ngokwenjwayelo, uma uhola kakhulu ukhokha intela enkulu;15
Income deductions;Application;T/F;Ama {rate} entela ye {income tax} awashintshi ngeminyaka;Amanga;Iqiniso;;;Ungathuka ukuthi ukhokha intela enkulu kulonyaka ngisho ngabe iholo alinyukanga. Isizathu yingoba intela iyanyuka ngonyaka;16
Income deductions;Application;T/F;Unyaka wentela e {South Africa} uqala ngo {January};Amanga;Iqiniso;;;Unyaka wentela e{South Africa} uqala ngo {March} uphele ngo February wonyaka olandelayo. Ngokwesibonelo, u 2020 wentela uqale ngo 1 {March} 2019 uphele ngo 29 {February} 2020;19
Gross income vs net income;Seed;MC;Kuyini i{{gross salary}};Iholo lakho engakathathwa ama {deduction};Iholo lakho esethathiwe ama {deduction};Intela engakathathwa ama {deduction};Iholo lakho ne {bonus};Ngokwesibonelo: Umuntu othatha umsebenzi oholele R10 000 ngenyanga okuyi {gross salary}. Ngemuva kwama {deduction} kanjenge ntela kanye ne {UIF}, engagcina ethole R9 300 ngenyanga;7
Gross income vs net income;Retention;MC;Libizwa ngani iholo lakho uma ama {deduction} engakathathwa?;i{Gross salary};Iholo sekubanjiwe intela;Iholo le {net};Iholo lakho lokuqala;Uma ubuzwa ukuthi uhola malini, ubuzwa nge {gross salary} ungakathathelwa ama {deduction}, hayi imali oyithola esandleni. Kubanye abantu, kunomehluko omkhulu kulezi nombholo;8
Gross income vs net income;Retention;MC;Uma kukhangiswa ({advertising}) umsebenzi, kubhalwa liphi iholo ngenjwayelo?;i{Gross salary};i{Net salary};Iholo elibanjelwe intela;i{Bonus} yokuphela kwonyaka;Uma ubona i{advertisement} yomsebenzi, kujwayele ukuba yi {gross salary} ebhaliwe, hayi i{net};10
Gross income vs net income;Retention;MC;Uma ungayazi i{gross} yeholo lakho, ungayithola kuphi?;Kuyi {payslip};Kuyi {website} ye {company};e{Home Affairs};e{Library};Uma uthola i{payslip} kumqashi, ifanele ukubhalwa i{{gross salary}}, ama {deduction}, kanye ne {net salary}. Uma kungenjalo ungacela kumqashi wakho;11
Gross income vs net income;Application;T/F;i{{Gross salary}} ijwayele ukubankulu kuyi {payslip};Iqiniso;Amanga;;;Uma unganaso isiqiniseko sokuthi iyiphi imal okuyi {gross salary}, bheka i{amount} enkulu kunemali oyitholayo eholweni kuyi{payslip}. Kungaba yona i{gross salary};15
Gross income vs net income;Application;T/F;i{Gross} yeholo isho iholo uma esethathiwe ama {deduction};Amanga;Iqiniso;;;Imali oyithola uma ama{deduction} esethathile ibizwa nge {{net slary}}. i{Gross salary} imali umqashi akhokhela wena yona engakathathi ama {deduction};16
Gross income vs net income;Application;T/F;i{Gross} yeholo isho iholo uma engakathathwa ama {deduction};Amanga;Iqiniso;;;Imali oyithola uma ama{deduction} engakathathwa ibizwa nge {{gross slary}}. Kubanye abantu, umehluka phakathi kwalezimali mukhulu;18
Gross income vs net income;Application;MC;Uma umuntu ekutshela imali ayiholayi ingakathathwa intela, usho ini?;i{Gross salary};i{Tax bracket};i{Net salary};i{Bonus];"Ngisho ngabe intela yeholo kungeyona yodwa i{deduction} ekhona, abantu babiza i{gross} ngemali abayihola {before tax}. Indlela esho kancono lokhu ukuthi imali abayiholayo ""{before deductions}""";19
Gross income vs net income;Seed;MC;Imali ogcina uyitholile ngokweholo ibizwa ngani?;{Net salary};{Gross income};{Gross salary};{Net tax};Imali oyitholayo ngempela esandleni uma ama {deduction} esethathiwe ibizwa nge {net salary}. Iyona mali oyisebenzisayo uku {cover} izindleko;6
Gross income vs net income;Retention;MC;Kuyini i{net salary};Imali oyitholayo uma ama {deduction} esethathiwe;Imali yakho engakathathwa ama {deduction};Intela engakathathwa ama {deduction};Iholo ne {bonus};Ngokwesibonelo: Umuntu othatha umsebenzi oholele R10 000 ngenyanga okuyi {gross salary}. Ngemuv kwama {deduction} kanjenge ntela kanye ne {UIF}, engagcina ethole R9 300 ngenyanga;9
Gross income vs net income;Retention;MC;Libizwa ngani iholo esethathiwe ama {deduction};{Net salary};i{Gross salary};i{Gross income};Intela ye {net};Imali oyatholayo {grand grand} ekupheleni kwenyanga i{nett}. i{gross} ijwayele ukbekwa ne {net};10
Gross income vs net income;Application;T/F;i{Net salary} imali yitholayo esethathiwe ama {deduction};Iqiniso;Amanga;;;i{{Net salary}} iholo umuntu asala nalo uma sekuthathiwe ama {deduction} afana nantela ne {UIF} i{Gross} imali oyithola kungakathathwa ama {deduction};14
Gross income vs net income;Application;T/F;Imisebenzi emakethwayo ijwayele ukusho i{net salary};Amanga;Iqiniso;;;Uma ubona umsebenzi umakethwa, kuzobi yi {gross salary} ngoba i{net} iyahluka ebantwini;17
Gross income vs net income;Application;Y/N;Kuyenzeka yini i{net salary} ibe nkulu une {gross salary}?;Cha;Yebo;;;i{Net salary} iyohlale incane noma ilingana ne {gross salary} ngoba i{net} kusuke kuyi {gross} ethathelwe ama {deduction};18
Gross income vs net income;Application;Y/N;Kuyenzeka yini i{gross} ilingane ne {net} yakho?;Yebo;Cha;;;Ebantwini abaningi iholo langenyanga ilo lodwa iholo abalitholayo. Uma loyo ebuzwa nge mali ye {gross}, engasho i{gross} loholo lakhe;19
Gross income vs net income;Application;T/F;Uma ungenawo ama {deduction}, i{gross} ne {net salary} zizolingana;Iqiniso;Amanga;;;i{Net} ne {gross salary} iyafana uma ungenawo ama {deduction}. Lokhu kungenzeka uma unganayo i{UIF} futhi uhola kancane ukukhokha intela;20
Gross income vs net income;Seed;MC;Yonke imali oyitholayo {after} ama {deduction} ibizwa nge _____________;{Net income};i{Income} {before} ama {deduction};{Gross income};Umthombo weholo elikhulu;i{Gross} yimali oyitholayo kuwe wonke amaholo akho uma esethathiwe ama {deduction} anjenge ntela. Uma uholo iholo elilodwa, i{net} yakho yi {net} yeholo lakho;7
Gross income vs net income;Retention;MC;Kuyini i{gross income};Lonke iholo {before} ama {deduction};Lonke iholo {after} ama {deduction};Intela {before} ama {deduction};i{Net} yeholo lakho lokuqala ne {bonus};i{Gross} yakho inhlanganisela yawo wonke amaholo owatholayo, engakathathwa ama {deduction}. Ama {deduction} engasuswa ezimalini zama {commission}, ama {donation}, kanye namatoho aseceleni;12
Gross income vs net income;Application;Y/N;Kuyenzeka yini i{gross income} ilingane ne {net income} yakho?;Yebo;Cha;;;Ebantwini abaningi iholo langenyanga ilo lodwa iholo abalitholayo. Lapho, i{net income} ne {net salary} zabo ziyalingana;16
Gross income vs net income;Application;T/F;i{Gross salary} ne {gross income} zihlale zilingana;Amanga;Iqiniso;;;Uma unganawo ama {deduction} futhi ungayikhokhi i{UIF} ngoba uhola kancane, i{net} ne {gross} yakho ziyafana. Uma usebenza eminye imisebenzi, i{net income} yakho ingaba nkulu kune {gross salary} yakho;18
Gross income vs net income;Seed;MC;Yonke imali oyitholayo {after} ama {deduction} ibizwa nge _____________;{Net income};Iholo elingakhokhiswa intela;{Gross income};Iholo le {bonus};i{Net} yimali oyitholayo kuwe wonke amaholo akho uma esethathiwe ama {deduction} anjenge ntela. Uma uholo iholo elilodwa, i{net} yakho yi {net} yeholo lakho;7
Gross income vs net income;Retention;MC;Ichaza ukuthini i{net income};Yonke imali oyitholayo {after} ama {deduction};Yonke imali oyitholayo {before} ama {deduction};Imali yakho yohora yokuhola;i{Net} yentela yonyaka;i{Net} imali oyitholayo kuwo wonke amaholo owatholayo esethathiwe ama {deduction}. Ibala imali oyitholayo kuma {commission}, ama {donation} noma amatoho aseceleni;9
Gross income vs net income;Application;T/F;i{Net} yeholo yimali ogcina iyotholile esandleni (noma kuyi {account} yakho noma ngo {cash});Iqiniso;Amanga;;;Imali oyithola uma ama{deduction} esethathile ibizwa nge {{net slary}}. Ingalingana ne {gross} uma engenawo ama {deduction} ngoba uhola imali encane engathathelwa intela, kodwa ijwayele ukuba ncane;15
Gross income vs net income;Application;T/F;i{Net income} yakho ingavela endaweni eyodwa kuphela;Amanga;Iqiniso;;;i{Net income} yanhlanganisela yawo wonke amaholo owatholayo usubanjelwe ama {deduction}. Uma uhola ngeholo elilodwa, i{net income} yakho i{net salary} yakho;16
Gross income vs net income;Application;T/F;i{Net income} ne {net salary} kuyalingana njao;Amanga;Iqiniso;;;i{Net} yeholo ilangana ne {net} yakho uma iholo kuyiyona yodwa indlela ohola ngayo, kodwa ingaba nkulu uma uhola kwezinye izindawo njengama toho;17
Gross income vs net income;Application;Y/N;Kuyenzeka yini i{gross} ibe ncane kune {net} yakho?;Cha;Yebo;;;Iholo lakho le {net} alikwazi ukubalikhulu kune {gross} ngoba i{net} yimali esele kuyi {gross} uma kuthathwa ama {deduction};18
Gross income vs net income;Application;T/F;Uma umuntu engenawo ama {deduction}, i{gross salary} ingalingana ne {net salary};Iqiniso;Amanga;;;Uma unganawo ama {deduction} futhi ungayikhokhi i{UIF} ngoba uhola kancane, i{net} ne {gross} yakho ziyafana;20
Discretionary income;Seed;MC;Kuyini indleko ({expense}) eyisidingo ({necessary})?;Indleko ekungaphileki ngaphandle kwayo;Into okungamelanga uyithenge;Uhlobo lwe {deduction};Uhlobo lwe {ntela};Izindleko eziyisidingo izindleko ekungaphileki ngaphandle kwazo kanjenge ndawo yokuhlala ({rent}/{mortgage}), ukudla, amanzi, i{transport} yasemsebenzini noma iskole, nogezi ebantwini abaningi;2
Discretionary income;Retention;MC;Into odingayo ukusebenzisa imali kuyo ibizwa ngani?;i{Necessary expense};i{Unnecessary expense};i{Expense} engenasidingo;Indlela ohola ngayo;Izindleko eziyisidingo izindleko ekungaphileki ngaphandle kwazo kanjenge ndawo yokuhlala ({rent}/{mortgage}), ukudla, amanzi, i{transport} yasemsebenzini noma iskole, nogezi ebantwini abaningi;8
Discretionary income;Retention;MC;Yini kulezi ekuyindleko eyisidingo;Ukudla;Ubucwebe;i{Spray} sezinwele;Izinto zokudlala igalofu;Ukudla kuyindleko ekungaphileki ngaphandle kwayo. Ubucwebe, izinto zezinwele kanye nezinto zemidlalo ungakhetha ukuthi uyazithenga noma cha ngoba akusizo izidingo;11
Discretionary income;Retention;MC;Iyiphi kulezi ekuyindleko engabalulekile?;i{Make}-{up};Isinkwa;i{Rent};Ugesi;Ngisho ngabe u{ice ream} uyinto edliwayo, uyakwazi ukuphila ngaphandle kwawo. Lokho kuwenza ube yindleko engasiso isidingo, unga {saver} imali ngokungawuthengi;12
Discretionary income;Retention;MC;Ikuphi ukudla la okuyindleko engabalulekile?;u{Ice cream};Amaveji;Ipapa;Isinkwa;Ngisho ngabe u{ice ream} uyinto edliwayo, uyakwazi ukuphila ngaphandle kwawo. Lokho kuwenza ube yindleko engasiso isidingo, unga {saver} imali ngokungawuthengi;12
Discretionary income;Application;T/F;Ezinye izindleko zibalulekile kunezinye;Iqiniso;Amanga;;;Ngenjwayelo, izimpahla ziyisidingo, angeke uphile ungenazo. Kodwa izimpahla ezintsha unazo ezisebenzayo yindleko engenasidingo;16
Discretionary income;Application;Y/N;Ukuya kuma {restaurant} kuyindleko ebalulekile?;Yebo;Cha;;;Akunalutho olu {wrong} ngokudla ukudla e {restaurant} uma ukhona ukukuthenga. Kodwa unga {saver} imali ngokudla endlini noma ukuphatha isikhaftini;16
Discretionary income;Application;Y/N;Ngabe yonke into edliwayo iyindleko ebalulekile na?;Cha;Yebo;;;Akunalutho olu {wrong} ngokudla ukudla e {restaurant} uma ukhona ukukuthenga. Kodwa unga {saver} imali ngokudla endlini noma ukuphatha isikhaftini;18
Discretionary income;Application;T/F;Kujwayelekile ebantwini ukusebenzisa imali ezindlekweni ezingabalulekile;Iqiniso;Amanga;;;Abantu abaningi uthola ukuthi basebenzisa imali ezintweni ezingasiso isidingo. Akusilo icala, kodwa ukusebenzisa imali ngobuhlakani ukwazi umehluko ezintweni eziyidingo nekungesizo;15
Discretionary income;Seed;MC;Imali osala nayo uma usukhokhele izidingo ibizwa ngani?;i{Discretionary income};i{Gross income};Iholo lakho elikhulu;Izinsalela;i{Discretion} ichaza ukuthi {{ungazikhethela}}, k'shuthi i{discretionary income} yimali esalayo eholweni uma izidingo usuzikhokhele - kanjengo kudla;7
Discretionary income;Retention;MC;Uma usukhokhele izidingo, imali esalayo ibizwa ngani?;i{Discretionary income};Iholo elinye;Izinsalela ze {income};i{Taxable income};Kahle kahle, uma usukhokhele izinto ozidingayo njenge {rent} negrosa, usalelwa yimali ogayisebenzisa ngokubona. Lemali ibizwa nge {discretionary income};9
Discretionary income;Retention;T/F;i{Discretionary income} imali uokukhokhela izinto ekungesizo izidingo;Iqiniso;Amanga;;;i{Discretionary income} yimali onayo usuzikhokhele izidingo. Iyona ongayisebenzisela ukuthenga izinto njezimpahla ezintsha ongazidingi, nokuyodla ema {restaurant};10
Discretionary income;Retention;MC;Yini kulezi engakhokhelwa nge {discretionary income}?;i{Playstation};Amanzi;Ugesi;i{Rent];Kahle kahle, kumele uthenge izinto ezingasizo izidingo njenge {Play Station} uma usuzikhokhele izidingo - ngamanye amazing, uma une {discretionary income} eyanele;11
Discretionary income;Retention;MC;Iyiphi kulezi ekumele iphume kuyi {discretionary income}?;Ama {saving};Amanzi;Ugesi;Ukudla;Indlela ehlakaniphile yokusebenzisa i{discretionary income} ukuyi {saver} kunokusebenzisa ezintweni zobumnandi yonke;12
Discretionary income;Application;MC-AOTA;Iyiphi kulezi ekumele iphume kuyi {discretionary income}?;Zonke ezibaliwe;Ukuyobuka ama {movie};Amathikithi okubuka umculi;i{Burger} nama {chips} e{takeaway};Izinto ekungesizo izidingo kumele uzikhokhele nge {discretionary income}. Ngamanye amazwi, kumele ukhokhele izidingo kuqala;13
Discretionary income;Application;T/F;Amanzi nogesi ajwayele ukukhokhelwa nge {discretionary income};Amanga;Iqiniso;;;Amanzi nogesi - nezinto ezinjenge grosa ne{rent} - yizinto eziyizidingo ekumele uzikhokhele kuqala. Uma unemali esele eholweni ({discretionary income}), ungayisebenzisela izinto zobumnandi;15
Discretionary income;Application;Y/N;i{Discretionary income} isebenziselwa ukukhokhela ubumnandi nezinto ezimnandi njengama holidi?;Yebo;Cha;;;i{Discretionary income} yimali onayo esele uma usukhokhele izinto eziyisidingo. Iyona ongayisebenzisela izinto njengokudla oku {fancy}, ukuya kuma {dinner}, nezimpahla ongazidingi;17
Discretionary income;Application;T/F;{Discretionary income} = {net income} - izindleko eziyisidingo;Iqiniso;Amanga;;;i{Net income} yimali osala nayo esethathiwe ama {deduction}. Iyona ekhokhela izidingo njengendawo yokuhlala, ukudla, nogesi. Imali esele kulokho yi {discretionary income};18
Discretionary income;Application;MC;Uma ungenamali esele uqeda ukukhokhela izidingo, awunayo i_______________;{Discretionary income};{Net income};{Gross income};Holo;Uma ungasalelwa mali usukhokhele izidingo kanjengo gesi noma i{rent}, awunayo i{discretionary income};20
Discretionary income;Application;T/F;Wonke umuntu kumele azimisele ukusala nemali ekupheleni kwenyanga ({discretionary income});Iqiniso;Amanga;;;Ukuba nemali esele ekupheleni kwenyanga ({discretionary income}) indlela e {safe} yokuphila. Uyakwazi uku {saver} khona uzoba nemali uma kuvela isidingo;15
Financial security;Retention;MC;Indlela yokuchaza i{financial security} ukuthini?;Ukuba nemali eyanele;Ukuba nemali encane;Ukuba nezikweletu;Ukuhola kakulu;i{Financial security} ukuba nemali eyanele ukukhokhela impilo oyiphilayo, futhi unenye imali yoku {saver}. Uma usele nemali eholweni kaningi, une {financial security} kahle;4
Financial security;Seed;MC;Kubizwa nga ukuba nemali ekuphele kwenyanga?;i{Financial security};Ukungabi {safe} ngokwezimali;Ukufunda;Ukuhola kahle;Ukuba ne {financial security} ukuba nemali eyanele uku {cover} izidingo zakho kanye nezikweletu njalo ngenyanga. Ukuba ne {financial security} kahle ukuba nemali eyanele ukuze uyibeke njalo ngenyanga;8
Financial security;Retention;MC;Ukuba nemali eyanele ukuthokhela impilo yakho, futhi ube nemali ekupheleni kwenyanga, kubizwa ngani?;i{Financial security};Ulkuwina ngezimali;i{International security};Ukuthuka ngama {finance};i{Financial security} ukuba nokuthula wazi ukuthi unemali eyanele yokukhokhela izidingo ube unemali onayo yezidingo nezinye izinto ofuna ukuzenza ngemali;9
Financial security;Retention;MC-AOTA;Udinga imali engekanani ukuze ube ne {financial security}?;Zonke ezibaliwe;Imali yokukhokhela izindleko;Imali eyanele yoku {saver};Imali yokukhokhela ama ({emergency});i{Financial security} ukuba nemali eyanele ukukhokhela impilo oyiphilayo, futhi unenye imali yoku {saver}. Uma usele nemali eholweni kaningi, une {financial security} kahle;11
Financial security;Application;T/F;Ukuba ne {discretionary income} eningi kusho ukuthi ungaba {financially secure};Iqiniso;Amanga;;;Imali yoku {saver}, yama {emergency}, kanye ne {retirement} ziqhamuka kuyi {discretionary income}. K'shuthi uma uneningi, ungaba ne {financial security};16
Financial security;Application;Y/N;Ungaba ne {financial security} uma ungenayo i{discretionary income};Cha;Yebo;;;Imali yoku {saver}, yama {emergency}, kanye ne {retirement} ziqhamuka kuyi {discretionary income}. K'shuthi uma ungenayo, ungebe ne {financial security};17
Financial security;Application;T/F;Abantu abahola imali eningi bahlale bene {financial security};Amanga;Iqiniso;;;i{Financial security} ayiveli ngeholo kuphela, kuya ngokuthi usalelwa imali engakanani yeholo. Kuyenzeka ube ne {financial security} kakhulu kunomuntu ohola kakhulu kunawe;17
Financial security;Application;T/F;Awukwazi ukuba ne {financial security} uma uhola kancane;Amanga;Iqiniso;;;Ngisho ngabe uhola malini, uma iholo likhokhela izidingo futhi unemali esele ekuphele kwenyanga, une {financial security}. Ukuhola kakhulu akusiyo i{guarantee} ye {financial security};18
Financial security;Application;MC;Uma engenayo imali eyanele yokukhokhela izidingo, kuthiwani?;Awukho {financially secure};Awufudile;Une {financial security};Unebhadi;Uma ekupheleni kwenyanga awunayo imali eyanele, usenkingeni futhi awunayo i{financial security};19
Financial security;Application;Y/N;Kumele ubeke imali uma ungenayo eyanele yokukhokhela izindleko;Cha;Yebo;;;Ukuze ube ne {financial security} ube {right}, kumele ukwazi ukukhokhela izindleko kuqala. Uma sezikhokhelwe, usunga {saver};19
Financial security;Seed;MC-AOTA;Ukuba {financially secure} kwenza ukwazi ukwenza ini? ;Zonke ezibaliwe;Ukubeka imali yama {emergency};Ukubeka imali ye {retirement};Ukukhokhela zonke izindleko;Ukuba {financially secure} kusho ukuthi awudingi ukuba ne {stress} ngemalingoba zonke izinto zakho uyakwazi ukuzikhokhela, futhi usala nemali ekupheleni kwenyanga;5
Financial security;Retention;MC;Yini eyenza ukwaiz ukubeka imali?;Ukuba ne {financial security};Ukwenza i{fraud};Ukuzimela;Ukuthola i{degree};Ukuze ukwazi ukubeka imali ({saver}), kumele ube nemali eyanele yokukhokhela izindleko kuqala futhi usalelwe ngenye. Ngamanye amazwi, kumele ubu ne {financial security} kuqala;8
Financial security;Retention;MC;Uma unemali eyanele kuma {emergency}, Usuke unjani?;u{Financially secure};Uyisigebengu;Uya {actor};Awukho {safe};Uma u {financially secure} ngempela, kumele ube nemali eyanele yokukhokhela izindleko zakho, futhi nenye esele yokukhokhela izindleko zama {emergency};12
Financial security;Application;T/F;Uma u {financially secure}, uyakwazi ukukhokhela izidingo futhi uku {saver};Iqiniso;Amanga;;;Uma u {financially secure}, unemali eyanele uma kuvela izinto ezidinga ukukhokhelwa zama {emergency}. Uma kukhona okufayo noma ugula, ungakhokhela lezizinto ungabolekanga mali;17
Financial security;Application;T/F;Ukuba {financially secure} kwenza kube nzima uku {saver for} i{retirement};Amanga;Iqiniso;;;Ukuba ne financial security kwenza ukwazi uku{save}ela i{retirement}. Lokhu kwenzeka uma unemali eyanele ongayibeka ekupheleni kwenyanga;18
Financial security;Application;Y/N;Unayo yini i{financial security} uma kumele uboleke imali ukukhokhela izinto?;Cha;Yebo;;;Ingxenye enkulu yokuba {financially secure} yikuba nemali eyanele yokukhokhela izindleko ezingalendelekile. Abantu abane {financial security} abadingi ukuboleka uma kuvela lezindleko;19
Financial security;Application;Y/N;Ukuba ne {financial security} kwenza ukwazi yini ukulawula izikweletu zakho?;Yebo;Cha;;;Uma kumele ulokhu uboleka imali ukukhokhela izindleko, uzithola ulokhu uboleka ukukhokhela izikweletu ezilokhu zinyuka. Ukuba ne {financial security} kwenza ukwazi ukunciphisa izikweletu;20
Financial security;Seed;MC-AOTA;Yini kulezi engakusiza ube {financially secure} kakhulu?;Zonke ezibaliwe;Ukunciphisa izindleko ezingenasidingo;Ukuyeka izindleko ezingenasidingo;Ukunyusa iholo;Ukuthola iholo elikhulu yindlela yokuba ne {financial security}, kodwa akuyona yodwa. Ukunciphisa imali oyisebenzisayo ezindlekweni yindlela ehlakaniphile yokuthola i{financial security};5
Financial security;Retention;MC;Uku {saver} imali la ongakwazi khona kubizwa ngani?;Ukunciphisa ama {expense} anganasidingo;Ukunyusa izindleko ezingenasidingo;Ukunyusa iholo olitholayo;Ukwehlisa iholo;Ukunciphisa izindleko ezingenasidingo yinto ongayenza manje ukuba ne {financial security}. Ungathola ukuthi unganciphisa imali oyisebenzisayo kakhulu ngokwenza njalo;9
Financial security;Retention;MC;Isinyathelo sokuqala ekubeni {financially secure} ukwenza ini?;Ukunciphisa ama {expense} anganasidingo;Ukuthola umsebenzi omusha;Ukunyusa iholo olitholayo;Ukukhokha intela eningi;Ukunciphisa izindleko ezingenasidingo yinto ongayenza manje ukuba ne {financial security}. Ukwenza i{budget} kungakubonisa ukuthi unganciphisa imali kuphi. ;10
Financial security;Retention;MC;Yini kulezi engasiza ukunciphisa izindleko ezingenasidingo?;i{Budget};i{Degree} yobumeli;Umsebenzi oncono;i{Calculator};Ukwenza i{budget} yindlela yokubona ukuthi usebenzisa imali kuphi kanjani. Kungakubonisa ukuthi yikhuphi la osebenzisa khona imali ngokungesidingo;12
Financial security;Application;T/F;Ukuthola iholo elikhulu iyona yodwa indlela yokuba {financially secure};Amanga;Iqiniso;;;Ukuthola iholo elikhulu yindlela yokuba ne {financial security}, kodwa akuyona yodwa. Ukunciphisa imali oyisebenzisayo ezindlekweni yindlela ehlakaniphile yokuthola i{financial security};12
Financial security;Application;T/F;Ukunciphisa imali oyisebenzisayo ezintweni ezingenasidingo indlela yokuqala ekubeni {financially secure};Iqiniso;Amanga;;;Uma imali onayo inganeli ukukhokhela izikweletu onazi, ungacabanga ukuthi kumele uhole kakhulu. Kumele uqale ngokunciphisa izinto ezingenasidingo osebenzisa imali kuzona;15
Financial security;Application;T/F;Ukuthenga igrosa la ebiza khona kancane yindlela elungile yokunciphisa ukusebenzisa kwakho kwemali;Iqiniso;Amanga;;;Kungenza umehluko omkhulu kuyi {financial security} yakho uma ubona ukuthi izinto zibiza malini, uthenge la ezibiza kancane khona;15
Financial security;Application;T/F;Ukusebenzisa i{WiFi} la oyithola khona indlela enhle yokonga imali;Iqiniso;Amanga;;;Izinto ezincane njengokusebenzisa i{WiFi} uma ikhona (emsebenzini noma kephi) kuze uzonciphisa i{data} oyisebenzisayo okuzomele uyikhokhele;16
Financial security;Application;Y/N;Ukwenza i{budget} yindlela e{right} yokubona ukuthi usebenzisa imali kanjani;Yebo;Cha;;;Ukwenza i{budget} yindlela yokubona ukuthi usebenzisa imali kuphi kanjani. Kungakubonisa ukuthi yikhuphi la osebenzisa khona imali ngokungenasidingo;17