﻿Concept;Question class;Question type;Question content;Answer;Alternative 1;Alternative 2;Alternative 3;Explanation;Difficulty rating (</= 20)
Applying for and accepting vehicle finance;Seed;MC-AOTA;Imaphi amanye amaphepha adingekayo ukuapulayela i{vehicle finance}?;Zonke ezibaliwe;i{Proof} yendawo yokuhlala;i{Payslip} noma Isitatimende esezinyanga ezingu 3;i{ID}/ikhadi kanye nelayisense yomshayeli;Udinga i{proof} Yomazisi, i{address} yokuhlala, iholo ({income}) kanye ne mvume yomlingani ({spouse}) uma ushade ngokuhlanganyela, kanye futhi ne layisense yokushayela ukuaplayela i{vehicle finance};2
Applying for and accepting vehicle finance;Retention;MC-AOTA;Imaphi kulamaphepha owadingayo uma uaplayela i{vehicle finance}?;Zonke ezibaliwe;Imvume yomlingani uma nishade ngokuhlanganyela;i{Proof} yendawo yokuhlala neyeholo ({income});i{ID}/ikhadi kanye nelayisense yomshayeli;Udinga i{proof} Yomazisi, i{address} yokuhlala, iholo ({income}) kanye ne mvume yomlingani ({spouse}) uma ushade ngokuhlanganyela, kanye futhi ne layisense yokushayela ukuaplayela i{vehicle finance};9
Applying for and accepting vehicle finance;Application;MC;Imaphi kulamaphepha ongawadingi ukuaplayela i{vehicle finance}?;Isitifiketi sika {Matric};Ilayisense yokushayela;i{Proof} yendawo yokuhlala;Zonke ezibaliwe;Awudingi isitifiketi sika {Matric} ukuaplayela i{vehicle finance} kodwa uyayidinga i{proof} yokuhlala kanye ne layisense yokushayela;16
Applying for and accepting vehicle finance;Seed;T/F;Uma ushade ngokuhlanganyela ({community of property}) udinga imvume ebhalwe ngumlingani ({spouse}) ukuaplayela iskweletu;Iqiniso;Amanga;;;Uma ushade ngokuhlanganyela ({community of property}) udinga imvume ebhalwe ngumlingani ({spouse}) wakho ukuze ukwazi ukungena esivumelwaneni se {vehicle finance};3
Applying for and accepting vehicle finance;Retention;MC;Udinga imvume ebhalwe ngumlingani ({spouse}) wakho uma ushadile ukuze uthole ifinance yemoto________;Umshado wokuhlanganyela ({community of property});Ngaphandle komshado wokuhlanganyela;Unazo izingani (abantwana); Ngaphandle kokwanda;Abantu abashade ngokuhlanganyela ({community of property}) badinga imvume ebhalwe ngumlingani ({spouse}) wabo ukuze bengene esivumelwaneni ({contract}) se {vehicle finance};10
Applying for and accepting vehicle finance;Application;T/F;Udinga imvume kumlingani wakho uma i{vehicle finance} ibiza ngaphezulu kuka {R500,000};Amanga;Iqiniso;;;Abantu abashade ngomshado wokuhlanganyela badinga imvume ebhaliwe kumlingani ({spouse}) ngaso sonke isikhathi ukuze bakwazi ukungena kusivumelwano se {vehicle finance} senani ({value}) noma liphi;17
Applying for and accepting vehicle finance;Seed;MC;Kwenzekani uma isicelo ({application}) se {vehicle finance} sivunyelwe? ;Ungakhetha ukuyithatha imali ({finance});Kufana noku{sign}a isivumelwano;Ungahamba uyolanda imoto yakho;Udinga ukukhokha i{deposit} ngokushesha ;Uma ngabe isicelo ({application}) sakho sivunyelwe, usenokukhetha ukusithatha isikweletu noma cha. Awukangeni kusivumelwano uma ungaka sayini ({sign});2
Applying for and accepting vehicle finance;Retention;T/F;Uma isicelo ({application}) sakho semali sivunyelwe, ulindelwe ukuthi usayine {sign} isivumelwano bese uthenga imoto;Amanga;Iqiniso;;;Uma ngabe isicelo ({application}) sakho sivunyelwe, usenokukhetha ukusithatha isikweletu noma cha. Awukangeni kusivumelwano uma ungaka sayini ({sign});9
Applying for and accepting vehicle finance;Application;T/F;Ukuvunyelwa kwesicelo ({application}) sakho kufana nokusayina {Signing} isivumelwano semoto ({vehicle finance}).;Amanga;Iqiniso;;;Uma ngabe isicelo ({application}) sakho sivunyelwe, usenokukhetha ukusithatha isikweletu noma cha. Awukangeni kusivumelwano uma ungaka sayini ({sign});16
Applying for and accepting vehicle finance;Seed;MC;Uma ngabe isicelo ({application}) sakho singavunyelwanga, umbolekisi wemali ({credit provider})_______;Kufanele asho ukuthi kungani engavumanga;Akadinge ukusho ukuthi kungani engavumanga;Angeke bavume ukuthi uaplaye ngesikhathi esizayo;Sithumela kumeluleki wezikweletu ({debt advisor});Ngokwe {National Credit Act}, unelungelo lokubuza ukuthi umbolekisi wezimali ({credit Provider}) akasivumanga ngani isicelo sesikweletu ({credit application});2
Applying for and accepting vehicle finance;Retention;T/F;Uma isicelo semali yemoto ({vehicle finance}) yakho singavunyelwe kudinga uaplayele ku {NCR} ukuthola ukuthi kungani;Amanga;Iqiniso;;;Ngokwe {National Credit Act}, unelungelo lokubuza ukuthi umbolekisi wezimali ({credit Provider}) akasivumanga ngani isicelo sesikweletu ({credit application});9
Applying for and accepting vehicle finance;Application;T/F;Uzokwazi ukuthi isicelo semali yemoto ({vehicle finance}) asivunywanga uma ungezwa lutho kumbolekisi wemali;Amanga;Iqiniso;;;Ngokwe {National Credit Act}, unelungelo lokubuza ukuthi umbolekisi wezimali ({credit Provider}) akasivumanga ngani isicelo sesikweletu ({credit application});16
Applying for and accepting vehicle finance;Seed;T/F;Ngaphezulu kwama {instalment} ezinyanga, kumele ubeke imali yezindleko njengo {petrol}, umshwalense nokulungiswa kwemoto;Iqiniso;Amanga;;;Imoto ibiza ngaphezulu kwezindleko zenyanga - udinga nemali yokuthi ihlale isebenza;3
Applying for and accepting vehicle finance;Retention;MC-AOTA;Ngaphezulu kwama {instalment} enyanga emoto, kufanele ubeke imali yani?;Zonke ezibaliwe;Ka {petrol};Ye {insurance};Ye {maintenance};Imoto ibiza ngaphezulu kwezindleko zenyanga - udinga nemali yokuthi ihlale isebenza;10
Applying for and accepting vehicle finance;Application;T/F;Uma uhlela ukuthenga imoto into ofanele uwongele ama{instalments} enyanga. ;Amanga;Iqiniso;;;Imoto ibiza ngaphezulu kwezindleko zenyanga - udinga nemali yokuthi ihlale isebenza e.g. i{fuel}, Umshwalenze, I-sevisi, nokunye nokunye.;17
Applying for and accepting vehicle finance;Seed;MC-AOTA;Uma uthenga imoto esisebenzile, kubalulekile ukuthi uhlole ini?;Zonke ezibaliwe;Umlando wesevisi ogcwele ({full service history});Ukuthi ikeyathola ingozi;Isendleleni ngokomthetho.;Ngokuya nge {Consumer Protection Act}, umthengisi kufanele akutshele amaphutha kodwa nawe kufanele uzibhekele ngokuphelele;3
Applying for and accepting vehicle finance;Retention;T/F;Uma imoto esisebenzile inawo umlando wesevisi kuzokhombisa ukuthi imoto ibiphethwe kahle;Iqiniso;Amanga;;;Ngokuya nge {Consumer Protection Act}, umthengisi kufanele akutshele amaphutha kodwa nawe kufanele uzibhekele ngokuphelele;10
Applying for and accepting vehicle finance;Application;T/F;Uma uthenga imoto esisebenzile, kungumsebenzi wakho ukuthi uhlole imoto ngokuphelele;Iqiniso;Amanga;;;Ngokuya nge {Consumer Protection Act}, umthengisi kufanele akutshele amaphutha kodwa nawe kufanele uzibhekele ngokuphelele;17
Applying for and accepting vehicle finance;Seed;T/F;Ngaphambi kokusayina isivumelwano semali kufanele uzwisise imigomo nemibandela ({Term and Conditions}) ngokuphelele;Iqiniso;Amanga;;;Incwadi yesivumelwano semali isemthethweni kanti iyakubopha ngakho ke kubalulekile ukuthi uyizwisise ngaphambili kokuthi uyisayine ({sign});2
Applying for and accepting vehicle finance;Retention;MC-AOTA;Ngaphambili kokusayina isivumelwano se mali, yini ofanele uqiniseke ukuthi uyayizwisisa?;Zonke ezibaliwe;Umangabe kunenkokhelo ye {ballooon} efunekayo;Uma ngabe i{rate} yenzalo yakho iyashintsha;Ukhokha nini/Ukhokha malini;Incwadi yesivumelwano semali isemthethweni kanti iyakubopha ngakho ke kubalulekile ukuthi uyizwisise ngaphambili kokuthi uyisayine ({sign});9
Applying for and accepting vehicle finance;Application;T/F;Asikho isidingo sokukhathazeka ukuthi une {Balloon} kuze kufike ekugcineni kwesivumelwano sakho semali;Amanga;Iqiniso;;;Kufanele uqiniseke ukuthi unayo noma awunayo unkhokhelo/Ukukhokha kwe{Balloon} ngaphambili kokusayina isivumelwano semali ukuze ungathuki ekugcineni;16
Vehicle finance agreement terminology;Seed;MC;Yini i{vehicle finance} yakho {instalments}?;Inani lemali ofanele uyibhadale ngenyanga;Inani lemoto;Inani lenzalo oyikhokhayo;Elinye igama le {deposit};i{Instalment} imali yemoto oyikhokhayo njalo ngenyanga kanti ifaka nenzalo nemali yenyanga yesevisi.;2
Vehicle finance agreement terminology;Retention;MC;Yini i{Vehicle finance} {instalment}?;Ukukhokha kwenyanga kwesikweletu semoto;Inani lemoto kanye nenzalo;Inani eliphelele odinga ukulikhokha; Imali yenyanga ye sevisi.;i{Instalment} imali yemoto oyikhokhayo njalo ngenyanga kanti ifaka nenzalo nemali yenyanga yesevisi.;9
Vehicle finance agreement terminology;Application;T/F;Ungakhetha ukuthi ufuna ukukhokha malini njalo ngenyanga;Amanga;Iqiniso;sikhathi senzalo;;Kufanele ubhadale inani le {instalment} ekusivumelwano se {vehicle finance};16
Vehicle finance agreement terminology;Seed;T/F;i{SA Reserve Bank} ibeka isilinganiso ({{rate}}) sokubolekana njengomgomo wokubolekisana ngemali kwama {bank} ebantwini;Iqiniso;Amanga;;;i{{Prime rate}} yokubolekisana ngemali iyi {benchmark rate} ekuyisiinganiso esibekwa yi {SA Reserve Bank} ekubolekiseni imali;3
Vehicle finance agreement terminology;Retention;MC;Libizwa ukuthi yini igama le {rate} ewumgomo ebekwa i{SA Reserve bank} kuma {banks} ngokubolekisana nemali kubantu?;i{Prime lending rate};i{Repo rate};i{Rate} yenzalo nqo ({main interest rate});i{Exchange control rate};i{Prime rate} yokubolekisana ngemali iyi {benchmark rate} ekuyisiIinganiso esibekwa yi {SA Reserve Bank} ekubolekiseni imali;10
Vehicle finance agreement terminology;Application;T/F;i{{Repo rate}} iyi{benchmark} ebekwe yi{SA Reserve Bank} kuma {bank} ukuze aboleke ngayo imali kubantu;Amanga;Iqiniso;;;i{Prime rate} yokubolekisana ngemali iyi {benchmark rate} ekuyisiinganiso esibekwa yi {SA Reserve Bank} ekubolekiseni imali;17
Vehicle finance agreement terminology;Seed;T/F;Ku sivumelwano se {vehicle finance}, kune {rate} ye inzalo e{{fixed }} ne {{Linked}}/{{Variable}};Iqiniso;Amanga;;;Zimbili izinhlobo ze {rate} yenzalo kusivumelwano se {vehicle finance}, zibizwa nge {fixed} ne {variable}/i{linked} interest rates;4
Vehicle finance agreement terminology;Retention;MC;Ku sivumelwano se {vehicle finance}, kune rate yenzalo e{{fixed}} nenjani futhi?;{Linked} / {variable interest rate};{Standard rates};{Compound rate};{Accelerating rates};Zimbili izinhlobo ze {rate} yenzalo kusivumelwano se {vehicle finance}, zibizwa nge {fixed} ne {variable}/i{linked} interest rates;11
Vehicle finance agreement terminology;Retention;MC;Ku sivumelwano se {vehicle finance}, kune rate yenzalo ehlanganisiwe/ehlukanisiwe {{Linked}}/{{Variable}}_________;Inzalo ene {rate} engajiki ({fixed rate});i{Rate} yenzalo yokugcina;Ama {standard rates}; Inzalo ene{rate} ekhulayo/khuphukayo;Zimbili izinhlobo ze {rate} yenzalo kusivumelwano se {vehicle finance}, zibizwa nge {fixed} ne {variable}/i{linked} interest rates;11
Vehicle finance agreement terminology;Application;MC;Iziphi izinhlobo ezimbili ze-interest rate ezikunkontilaka {contract} ye-vehicle finance ongakhetha kuzona? ;Ama {fixed} nama {linked} / {variable interest rate};Ama {Linked} nama {variable interest rate};Ama {fixed} nama {compound rate};Ama {linked} nama {final interest rate};Izinhlobo ezimbili zama {interest rate} esivumelwano se vehicle finance yi {fixed} ne {variable}/i{linked} interest rates;18
Vehicle finance agreement terminology;Seed;MC;Inhlobo yiphi ye-interest rate ehlala ifana zinyanga zonke?;i{Interest rate} egciniwe ({fixed});i{Interest rate} e{link}iwe ({Linked});i{Interest rate} eqondile ({straight});i{Variable interest rate};i{Interest rate} engajiki ({fixed}) ihlala ifana zinyanga zonke kanti ayithintwa yi {prime lending rate};5
Vehicle finance agreement terminology;Retention;MC;Inzalo efikhsiwe ({{fixed interest rate}}) ku sivumelwano se {vehicle finance} iyisima kanjani?;Ayishintshi ne {prime lending rate};Iyashintsha ne {prime lending rate};Ifikhsiwe ({{fixed}}) yi {Reserve bank};Ikhuphuka nokunyuka kwamanani ({inflation});i{Interest rate} engajiki ({{fixed}}) ihlala ifana zinyanga zonke kanti ayithintwa yi {prime lending rate};12
Vehicle finance agreement terminology;Retention;T/F;i{Interest rate} e{link}iwe ({{linked}}/{{variable}}) ihlala ifana zinyanga zonke;Amanga ;Iqiniso;;;i{Interest rate} engajiki ({{fixed}}) ihlala ifana zinyanga zonke kanti ayithintwa yi {prime lending rate};12
Vehicle finance agreement terminology;Application;T/F;Uma une {{interest rate}} efikhsiwe ({{fixed}}), ukukhokha kwakho kwazinyanga zonke kushintsha ne {prime lending rate};Amanga;Iqiniso;;;i{{Interest rate}} engajiki ({{fixed}}) ihlala ifana zinyanga zonke kanti ayithintwa yi {prime lending rate}, ngakho nokukhokha kwakho kuhlala kufana njalo ngenyanga;18
Vehicle finance agreement terminology;Seed;MC;Hlobo luni lwe {interest rate} elishintsha ne {prime lending rate}?;i{Linked} / {variable interest rate};i{Fixed interest rate};i{Inflation rate};i{Dependent interest rate};i{{Linked}}/{{variable interest rate}} iyehla inyuke uma i{prime lending rate} ikhuphuka noma yehla;5
Vehicle finance agreement terminology;Retention;MC;i{{variable}}/{{linked interest rate}}_________;Ishintsha ne{prime lending rate}; Ayithintwa i{prime lending rate};Ikhuphuka ne{inflation rate}; Ihlangene ne{exchange rate};i{{Linked}}/{{variable interest rate}} iyehla inyuke uma i{prime lending rate} ikhuphuka noma yehla;12
Vehicle finance agreement terminology;Application;T/F;Uma une{{linked}}/{{variable interest rate}}, Ukukhokha kwakho imoto kuhlala kufana njalo ngenyanga.;Amanga;Iqiniso;;;i{{Linked}}/{{variable interest rate}} iyehla inyuke uma i{prime lending rate} ikhuphuka noma yehla, ngakho ke ukukhokha kwakho kuzoshintsha nokushintsha kwe {prime lending rate};18
Vehicle finance agreement terminology;Application;MC;Uma une {{linked}}/{{variable interest rate}}, ukukhokha kwakho ngenyanga kwenza njani?;Iyashintsha uma i{prime lending rate} ishintsha;Ihlala ifana njalo ngenyanga;Ishintsha njalo ngenyanga eyesibili;Ikhuphuka ne {inflation};i{{Linked}}/{{variable interest rate}} iyehla inyuke uma i{prime lending rate} ikhuphuka noma yehla, ngakho ke ukukhokha kwakho kuzoshintsha nokushintsha kwe {prime lending rate};18
Vehicle finance agreement terminology;Seed;MC;Iyini i{{finance period}}?;Isikhathi okufanele ubhadale ngaso imoto yakho;Ukukhokha kwakho zinyanga zonke;Inani lenzalo ofanele ulibhadale;Unyaka wezimali;i{{Finance period}} isikhathi ofanele ubhadale ngaso imoto yakho. Ubude be {{finance period}} buthinta inani lemali oyikhokhayo nobuningi benzalo oyikhokhayo;3
Vehicle finance agreement terminology;Retention;MC;i{{Finance period}} yi________ ;Isikhathi osithathayo ukukhokha imoto yakho;Isikhathi osilindayo ukuthola imali;Isikhathi osothathayo ukuaplayela isikweletu;Isikhathi somusa sokukhokha ngemuva kwesikhathi;i{{Finance period}} isikhathi ofanele ubhadale ngaso imoto yakho. Ubude be {finance period} buthinta inani lemali oyikhokhayo nobuningi benzalo oyikhokhayo;10
Vehicle finance agreement terminology;Application;MC;Ubude besikhathi ofanele ubhadale imoto yakho ngaso yi___________ ;{Finance period};{Rate} yokukhokha;Sikhathi senzalo;Sikhathi sesikweletu;Ubude besikhathi ofanele ubhadale imoto yakho sibizwa ngokuthi i{finance period};17
Vehicle finance agreement terminology;Seed;T/F;Isikweletu esikhokhwa ngesikhathi eside sikhokha kancane ngenyanga kodwa ukhokha inzalo eningi ekugcineni;Iqiniso;Amanga;;;Ukukhokha imoto isikhathi eside kwehlisa ukukhokha kwezinyanga zonke kodwa ukhokha imali yenzalo eningi ngokuphelele;4
Vehicle finance agreement terminology;Retention;MC;Nge {{finance period}} ende, ukhokha okuphansi zinyanga zonke kodwa__________;Ukhokha inzalo eningi ngokuphelele; Ukhokha inzalo encane ngokuphelele;Ukhokha kakhulu njalo ngenyanga;Ukhokha imali ehlukile njalo ngenyanga;Ukukhokha imoto isikhathi eside kwehlisa imali oyikhokhayo ngenyanga kodwa ukhokha imali yenzalo eningi ngokuphelele;11
Vehicle finance agreement terminology;Retention;T/F;Nge {{finance period}} ende ukhokha kakhulu njalo ngenyanga kodwa ukhokha inzalo encane ngokuphelele;Amanga;Iqiniso;;;Ukukhokha imoto isikhathi eside kwehlisa imali oyikhokhayo ngenyanga kodwa ukhokha imali yenzalo eningi ngokuphelele;12
Vehicle finance agreement terminology;Application;MC;Isiphi isikhathi se {{finance period}} omele ukusikhetha kuze ukhokhe kancane ngenyanga kodwa inzalo eningi ngokuphelele?;Iminyaka ewu 6;Iminyaka ewu 5;Iminyaka ewu 4.5;Iminyaka ewu 4;Ukukhokha imoto isikhathi eside (kanjengo 6 {years}) kwehlisa imali oyikhokhayo ngenyanga kodwa ukhokha imali yenzalo eningi ngokuphelele;18
Vehicle finance agreement terminology;Seed;T/F;Nge {{finance period}} emfishane, ukhokha KAKHULU ngenyanga kodwa ugcina ukhokhe inzalo encane ngokuphelele;Iqiniso;Amanga;;;Ukukhokha imoto isikhathi eside kwehlisa ukukhokha kwezinyanga zonke kodwa ukhokha imali yenzalo eningi ngokuphelele;4
Vehicle finance agreement terminology;Retention;MC;Nge {{finance period}} emfishane ukhokha KAKHULU ngenyanga kodwa_________;Ukhokha inzalo encane ngokuphelele;Ukhokha inzalo eningi ngokuphelele;Imali iyanyuka ngezinyanga;Ukhokha imali ehlukile ngenyanga;Ukukhokha imoto isikhathi eside kwehlisa imali oyikhokhayo ngenyanga kodwa ukhokha imali yenzalo eningi ngokuphelele;11
Vehicle finance agreement terminology;Retention;T/F;Nge {{finance period}} emfishane ukhokha KANCANE ngenyanga kodwa ugcina ukhokhe inzalo ENKULU ekugcineni;Amanga;Iqiniso;;;Ukukhokha imoto isikhathi eside kwehlisa imali oyikhokhayo ngenyanga kodwa ukhokha imali yenzalo eningi ngokuphelele;12
Vehicle finance agreement terminology;Application;T/F;Akwenzi mehluko ukukhokhela isikweletu ngesikhathi eside noma esifushane;Amanga;Iqiniso;;;Ukukhokha imoto isikhathi esifushane kunyusa imali oyikhokhayo ngenyanga kodwa ukhokha imali yenzalo encane ngokuphelele;17
Vehicle finance agreement terminology;Application;MC;Iyiphi i{{finance period}} ekumele uyikhethe ukukhokha KAKHULU ngenyanga kodwa ukukhokha inzalo encane ngokuphelele?;{4 years};{4}.{5 years};{5 years};{6 years};Ukukhokha imoto isikhathi esifushane (kanjengo 4 {years}) kunyusa imali oyikhokhayo ngenyanga kodwa ukhokha imali yenzalo encane ngokuphelele;18
Vehicle finance agreement terminology;Seed;MC;Kuyini i{{balloon payment}}?;Isamba semali esidingekayo ekupheleni kwesivumelwano sesikweletu;Ifana ne {deposit};Iholidi lokukhokha;Izimali nenzalo;i{{Balloon payment}} isamba semali esidinga ukukhokhwa ekupheleni kwesivumelwano se {vehicle finance};3
Vehicle finance agreement terminology;Retention;MC;i{{Balloon payment}} isamba semali esidinga ukukhokhwa__________;Ekupheleni kwesivumelwano se {vehicle finance};Ekuqaleni kwesivumelwano se {vehicle finance};Uma kunenyanga engakhokhiwe;Uma uthatha iholidi ekukhokheni;i{{Balloon payment}} isamba semali esidinga ukukhokhwa ekupheleni kwesivumelwano se {vehicle finance};10
Vehicle finance agreement terminology;Application;T/F;i{{Balloon payment}} isamba semali esidinga ukukhokhwa ekuqaleni kwesivumelwano se {vehicle finance};Amanga;Iqiniso;;;i{{Balloon payment}} isamba semali esidinga ukukhokhwa ekupheleni kwesivumelwano se {vehicle finance};17
Vehicle finance agreement terminology;Seed;MC;i{{Balloon payment}} inciphisa imali ye {installment} kodwa ___________;Ukhokha inzalo eningi ngokuphelele;Udinga i{deposit};Awutholi holidi ekukhokheni;Ukhokha intela eningi;i{{Balloon payment}} inciphisa imali oyikhokha ngenyaga kodwa ugcina ukhokhe inzalo eningi. Unesamba semali futhi omele ukusikhokha ekupheleni kwesivumelwano;4
Vehicle finance agreement terminology;Retention;MC;Kuyini isizathu se {{balloon payment}}?;i{installment} ephansi kodwa inzalo eningi;i{Installment} ephezulu kodwa inzalo ephansi;Akunasidingo se {deposit};Intela nezimali eziphansi;i{{Balloon payment}} inciphisa imali oyikhokha ngenyaga kodwa ugcina ukhokhe inzalo eningi. Unesamba semali futhi omele ukusikhokha ekupheleni kwesivumelwano;11
Vehicle finance agreement terminology;Application;T/F;Ukuthatha i{{balloon payment}} kwehlisa inzalo oyikhokhayo;Amanga;Iqiniso;;;i{{Balloon payment}} inciphisa imali oyikhokha ngenyaga kodwa ugcina ukhokhe inzalo eningi. Unesamba semali futhi omele ukusikhokha ekupheleni kwesivumelwano;18
Vehicle finance agreement terminology;Seed;T/F;i{{Balloon payment}} iphoqekile uma uthatha i{vehicle finance};Amanga;Iqiniso;;;i{{Balloon payment}} ayisiso isidingo ekutholeni isikweletu semoto. Uma ufuna ukwehlisa imali yenyanga oyikhokhayo ({installment}), kuncono ukukhipha i{deposit} noma ukukhetha imoto ebiza kancanyane;5
Vehicle finance agreement terminology;Retention;T/F;Ungakhetha ukuthi ufuna i{balloon payment} noma cha kuyi {vehicle finance} yakho;Iqiniso;Amanga;;;i{{Balloon payment}} ayisiso isidingo ekutholeni isikweletu semoto. Uma ufuna ukwehlisa imali yangenyanga oyikhokhayo ({installment}), kuncono ukukhipha i{deposit} noma ukukhetha imoto ebiza kancanyane;12
Vehicle finance agreement terminology;Application;Y/N;Uma unikwa intengo yesikweletu ehamba ne {balloon payment}, uphoqekile na ukuyithatha i{balloon payment}?;No;Yebo;;;i{Balloon payment} ayisiso isidingo ekutholeni isikweletu semoto. Uma ufuna ukwehlisa imali yangenyanga oyikhokhayo ({installment}), kuncono ukukhipha i{deposit} noma ukukhetha imoto ebiza kancanyane;19
Vehicle finance agreement terminology;Seed;MC;Kuyini i{{deposit}};Imali oyikhokha ngaphambili;Imali oyikhokha ekugcineni;i{Insurance};i{Commission} kamthengisi wemoto;i{{Deposit}} imali oyikhokhayo ngaphambi kokuqala kwesivumelwano se {vehicle finance}. Ikhishwa enanini lemoto okwenza ube nesikweletu esincanyane;3
Vehicle finance agreement terminology;Retention;MC;Imali ekhokhwa ngaphambi kwentengiso yesikweletu semoto ibizwa nge___________;{Deposit};{Balloon payment};Imali;{Commission};i{{Deposit}} imali oyikhokhayo ngaphambi kokuqala kwesivumelwano se {vehicle finance}. Ikhishwa enanini lemoto okwenza ube nesikweletu esincanyane;10
Vehicle finance agreement terminology;Application;T/F;Ukuba ne {{deposit}} kuyimpoqo ekutholeni isikweletu semoto ({vehicle finance});Amanga;Iqiniso;;;i{{Deposit}} ayiphoqekile ekutholeni isikweletu semoto ({vehicle finance});17
Vehicle finance agreement terminology;Seed;T/F;Imali oyikhokha ngenyanga ({installment}) iba ncanyane uma une {{deposit}};Iqiniso;Amanga;;;Uma ukwazi ukukhokha i{{deposit}}, usalelwa yimali encanyane yesikweletu. Lokhu kwehlisa imali oyikhokhayo ngenyanga;4
Vehicle finance agreement terminology;Retention;MC;Ukuba ne {{deposit}} kwehlisa ini?;i{Installment} (imali oyikhokha ngenyanga);Imali ye {petrol};Intela;Izimali;Uma ukwazi ukukhokha i{{deposit}}, usalelwa yimali encanyane yesikweletu. Lokhu kwehlisa imali oyikhokhayo ngenyanga;11
Vehicle finance agreement terminology;Application;T/F;Uma ufuna ukukhokha kancane ngenyanga ({installment}), kuhlakaniphile ukubeka imali ye {{deposit}};Iqiniso;Amanga;;;Uma ukwazi ukukhokha i{{deposit}}, usalelwa yimali encanyane yesikweletu. Lokhu kwehlisa imali oyikhokhayo ngenyanga;18
Vehicle finance agreement terminology;Application;MC;Iyiphi inketho eyenza ube nenzalo ephansi?;{10% deposit};{10% balloon payment};{30% balloon payment};Lutho kwezibaliwe;Uma ukwazi ukukhokha i{deposit}, usalelwa yimali encanyane yesikweletu. Nge {balloon payment} ugcina ukhokhe inzalo eningi;19
Vehicle finance agreement terminology;Seed;MC-F;Ikhava ini i{{comprehensive car insurance}}?;Ikhava ukutshontshwa, i{write}-{off}, nomonakalo wengozi;Uma kukhona ukwenzeka kuwe;Ukufa kwemoto;Zonke ezibaliwe;i{{Comprehensive insurance}} ikhava (ngokomshwalense) umonakalo wengozi, ukuntshontshwa ne {write}-{off}, kanye nengozi yomunye um'lingiswa uma kwenzakala ingozi ;4
Vehicle finance agreement terminology;Retention;T/F;i{{Comprehensive car insurance}} umshwalense okhava imali yemoto uma kwenzeka utho kuwe;Amanga;Iqiniso;;;i{CREDIT LIFE insurance} ikhava imali yakho oyikhokha ngenyanga uma kukhona okwenzakala kuwe. i{COMPREHENSIVE} ikhava imoto yakho ebugebengwini, emonakalweni wengozi, ne {write}-{off} {etc.};11
Vehicle finance agreement terminology;Application;MC;Uma imoto yakho intshontshwa, ikhavwa yini?;{Comprehensive insurance};{Credit life insurance};{Third party insurance};{Road Accident Fund};i{Comprehensive insurance} ikhava (ngokomshwalense) umonakalo wengozi, ukuntshontshwa ne {write}-{off}, kanye nengozi yomunye um'lingiswa uma kwenzakala ingozi ;17
Vehicle finance agreement terminology;Seed;T/F;i{{Comprehensive car insurance}} ayiphoqekile esivumelwaneni se {vehicle finance};Amanga;Iqiniso;;;Umshwalense we {Comprehensive insurance} ujwayele ukuba yimpoqo esivumelwaneni sesikweletu semoto ({vehicle finance}). Uvumelekile kodwa ukuzikhethela okunika umshwalense;5
Vehicle finance agreement terminology;Retention;MC-F;i{Vehicle finance} ekuyisikweletu semoto idinga ube nani?;{Comprehensive insurance};{Shortfall insurance};Umshwalense wokuhwayeka kwemoto;Zonke ezibaliwe;Umshwalense we {Comprehensive insurance} ujwayele ukuba yimpoqo esivumelwaneni sesikweletu semoto ({vehicle finance}). Uvumelekile kodwa ukuzikhethela okunika umshwalense;12
Vehicle finance agreement terminology;Application;T/F;Umkweletisi wesikweletu semoto engaphoqa ukuthi uthathe muphi umshwalense we {comprehensive car insurance};Amanga;Iqiniso;;;Uvumelekile ukuzikhethela okunika umshwalense we {comprehensive insurance};18
Vehicle finance agreement terminology;Seed;MC;Ikhava ini i{{third party insurance}}?;Imoto yomunye uma usengozini;Imoto yakho uma ingena engozini;Imoto yakho uma intshontshwa;Umonakalo wephasenja uma ungena engozini;Umshwalense we {third}-{party} ukhava umonakalo womuntu osengozini naye kuphela;5
Vehicle finance agreement terminology;Retention;T/F;i{{Third party insurance} ingumshwalense ofana ne {{comprehensive insurance}};Amanga;Iqiniso;;;Umshwalense we {third}-{party} ukhava umonakalo womuntu osengozini naye kuphela. i{Comprehensive insurance} yona ikhava izicelo ze {third}-{party}, umonakalo wengozi, ukuntshontshwa ne {write}-{off};12
Vehicle finance agreement terminology;Application;Y/N;i{{Comprehensive insurance}} iyazikhava yini izinkinga ze {third}-{party} (umlingiswa engozini)?;Yebo;Cha;;;i{Comprehensive insurance} umshwalense okhava izicelo ze {third}-{party}, umonakalo wengozi, ukuntshontshwa ne {write}-{off};18
Vehicle finance agreement terminology;Seed;T/F;i{{Credit life insurance}} ayiphoqi umuntu kodwa umkweletisi wemali yemoto engadinga kuwe ube nayo;Iqiniso;Amanga;;;Umshwalense we {credit life} awsiyo impoqo ngokomthetho esivumelwaneni sesikweletu semoto ({vehicle finance}). Uvumelekile ukuzikhethela umthengisi womshwalense;5
Vehicle finance agreement terminology;Retention;T/F;Kukuwena ukuthi uyafuna yini ukuthatha i{{credit life insurance}};Amanga;Iqiniso;;;Umkweletisi engakudinga ube ne {credit life insurance} kuze ezokukweletisela imoto, kodwa khumbula ukuthi akavumelekile ukukuphoqa ukuthi uthathe umthengisi womshwalense othile, ungazikhethela wena;12
Vehicle finance agreement terminology;Application;Y/N;Ungazikhethela yini umthengisi wakho we {{credit life insurance}}?;Yebo;Cha;;;Umkweletisi engakudinga ube ne {credit life insurance} kuze ezokukweletisela imoto, kodwa khumbula ukuthi akavumelekile ukukuphoqa ukuthi uthathe umthengisi womshwalense othile, ungazikhethela wena;18
Vehicle finance agreement terminology;Seed;T/F;i{{Shortfall insurance}} ikhava umehluko phakathi kwemali oyikhokhelwa ngumshwalense kanye nemali osayikweletayo esikweletini;Iqiniso;Amanga;;;Uma imoto yakho iba yi {write}-{off} ngengozi noma intshontshwa, i{shortfall insurance} ikhava umehluko phakathi kwemali yomshwalense wakho kanye nemali osayikweletayo;6
Vehicle finance agreement terminology;Retention;MC;i{{Shortfall insurance}} ikhava umehluko phakathi kwemali oyikhokhelwa ngumshwalense kanye nani?;Imali osayikweletayo emotweni;Imali osuyikhokhile emotweni;Inani lemoto lokuqala;Inani lemoto ngaleso sikhathi;Uma imoto yakho iba yi {write}-{off} ngengozi noma intshontshwa, i{shortfall insurance} ikhava umehluko phakathi kwemali yomshwalense wakho kanye nemali osayikweletayo;13
Vehicle finance agreement terminology;Retention;MC;i{{Shortfall insurance}} ikhava umehluko phakathi kwemali osayikweletayo emotweni kanye nani?;Nemali oyikhokhelwa ngumshwalense;Imali oydayisa ngayo imoto;Imali oyikhonayo;Imali oyikhokhele yona;Uma imoto yakho iba yi {write}-{off} ngengozi noma intshontshwa, i{shortfall insurance} ikhava umehluko phakathi kwemali yomshwalense wakho kanye nemali osayikweletayo;13
Vehicle finance agreement terminology;Application;MC;Mshwalense muni okhava umehluko phakathi kwemali umshwalense wakho okukhokhela yona kanye nemali osayikweleta emotweni?;{Shortfall insurance};{Comprehensive insurance};{Credit life insurance};{Household insurance};Uma imoto yakho iba yi {write}-{off} ngengozi noma intshontshwa, i{shortfall insurance} ikhava umehluko phakathi kwemali yomshwalense wakho kanye nemali osayikweletayo;19
Vehicle finance agreement terminology;Seed;T/F;i{{Warranty}} ikhava umonakalo obangwa yizinkinga ezenzakale ekukhiqizeni imoto;Iqiniso;Amanga;;;i{Manufacture warranty} ekuyi {warranty} yomkhiqizi ikhava umonakalo owenziwa ngamaphutha enzeke ekukhiqizweni kwemoto. Ayikhavi ukuguga kwemoto okubangwa ngumshayeli;5
Vehicle finance agreement terminology;Retention;MC;Yini ekhava izinkinga ezikhandwe ngamaphutha omkhiqizi?;{Warranty};{Insurance};{Maintenance plan};{Service plan};i{Manufacture warranty} ekuyi {warranty} yomkhiqizi ikhava umonakalo owenziwa ngamaphutha enzeke ekukhiqizweni kwemoto. Ayikhavi ukuguga kwemoto okubangwa ngumshayeli;12
Vehicle finance agreement terminology;Application;Y/N;i{{Warranty}} iyakukhava yini ukuguga kwemoto?;Cha;Yebo;;;i{Manufacture warranty} ekuyi {warranty} yomkhiqizi ikhava umonakalo owenziwa ngamaphutha enzeke ekukhiqizweni kwemoto. Ayikhavi ukuguga kwemoto okubangwa ngumshayeli;18
Vehicle finance agreement terminology;Application;Y/N;i{{Warranty}} iyawukhava yini umonakalo wengozi?;Cha;Yebo;;;i{Manufacture warranty} ekuyi {warranty} yomkhiqizi ikhava umonakalo owenziwa ngamaphutha enzeke ekukhiqizweni kwemoto. Ayikhavi ukuguga kwemoto okubangwa ngumshayeli;18
Vehicle finance agreement terminology;Seed;T/F;Uma uthenga imoto entsha izoba ne {{warranty}};Iqiniso;Amanga;;;Imoto entsha iphuma ne {manufacture warranty} kodwa iyaphela ngokuhamba kwesikhathi;6
Vehicle finance agreement terminology;Retention;T/F;Udinga ukuthenga i{{warranty}} ukuthola isikweletu semoto ekuyi {vehicle finance};Amanga;Iqiniso;;;Imoto entsha iphuma ne {manufacture warranty}, awudingi ukuyithenga eceleni. Imoto esisebenzile ungakhetha ukuthola i{warranty} ehamba yodwa;13
Vehicle finance agreement terminology;Application;T/F;Uma uthenga imoto entsha, i{{warranty}} yayo ibakhona impilo yemoto yonke;Amanga;Iqiniso;;;Imoto entsha iphuma ne {manufacture warranty} kodwa iyaphela ngokuhamba kwesikhathi;19
Vehicle finance agreement terminology;Seed;Y/N;Uma ushayela imoto ethengwe ngesikweletu ngaphandle kwezwe, uyayidinga yini i{{border letter}} namaphepha okurejista?;Yebo;Cha;;;Ukushayela imoto ethengwe ngesikweletu ngaphandle kwemincele yase {South Africa} udinga incwadi evela ebhange, izincwadi zemoto ({NaTIS}) kanye ne {proof} yomshwalense ngaphandle;4
Vehicle finance agreement terminology;Retention;T/F;Awuyidinga i{{border letter}} namaphepha okurejista uma ushayela imoto yesikweletu ngaphandle kwe {South Africa};Amanga;Iqiniso;;;Ukushayela imoto ethengwe ngesikweletu ngaphandle kwemincele yase {South Africa} udinga incwadi evela ebhange, izincwadi zemoto ({NaTIS}) kanye ne {proof} yomshwalense ngaphandle;11
Vehicle finance agreement terminology;Application;MC-AOTA;Uma ushayela imoto ethengwe ngesikweletu ngaphandle kwezwe, uyayidinga ini?;Zonke ezibaliwe;i{Border letter} evela e{bank};Izincwadi zokurejista imoto (NaTIS);i{Proof} yomshwalense kulelozwe;Ukushayela imoto ethengwe ngesikweletu ngaphandle kwemincele yase {South Africa} udinga incwadi evela ebhange, izincwadi zemoto ({NaTIS}) kanye ne {proof} yomshwalense ngaphandle;17
Vehicle finance agreement terminology;Seed;T/F;i{{Principal debt}} imali yesikweleu oyikweletayo, kungakangeni nzalo nezinye izimali;Iqiniso;Amanga;;;i{Principal debt} imali yesikweleu oyikweletayo ukuthenga imoto, kungakangeni nzalo nezinye izimali;6
Vehicle finance agreement terminology;Retention;MC;Kuyini i{{principal debt}}?;Imali ebolekiwe, kungakangeni nzalo;Imali oyikweletayo sekufakwe inzalo;Izimali oshajwa ngumkweletisi;i{Balloon payment};i{{Principal debt}} imali yesikweletu oyikweletayo, kungakangeni nzalo nezinye izimali;13
Vehicle finance agreement terminology;Retention;MC;Imali oyibolekayo ukuthenga imoto ibizwa ngani?;i{Principal debt};i{Contract balance};i{Principal credit};iBhalansi eshodayo;i{{Principal debt}} imali yesikweletu oyikweletayo, kungakangeni nzalo nezinye izimali;13
Vehicle finance agreement terminology;Application;T/F;i{{Principal debt}} ayikafaki inzalo;Iqiniso;Amanga;;;i{{Principal debt}} imali yesikweletu oyikweletayo, kungakangeni nzalo nezinye izimali;19
Vehicle finance agreement terminology;Seed;T/F;i{{Capital balance}} imali ye {principal debt} ongakayikhokhi;Iqiniso;Amanga;;;i{Capital balance} inani lemali osayikweletayo kuyi {principal debt} ekuyi nani lemoto;7
Vehicle finance agreement terminology;Retention;T/F;i{{Capital balance}} imali osayikweletayo esivumelwaneni sesikweletu semoto ngokuphelele;Amanga;Iqiniso;;;i{CONTRACT balance} isamba semali osasikweletayo. i{CAPITAL balance} imali osayikweleta kuyi {principal debt} ekuyi nani lemoto kungakangeni nzalo;14
Vehicle finance agreement terminology;Application;T/F;Uma i{{capital balance}} yakho kungu R100,000, lemali akusiyo nje imali odinga ukuyikhokha;Iqiniso;Amanga;;;i{CAPITAL balance} inani lemali osayikweletayo kuyi {principal debt} ekuyi nani lemoto kungakangeni nzalo. i{CONTRACT balance} isamba semali osasikweletayo;20
Vehicle finance agreement terminology;Seed;T/F;i{{Capital balance}} imali osadinga ukukhokhela yona imoto ngokuphelele;Iqiniso;Amanga;;;i{Contract balance} isamba semali osasikweletayo esivumelwaneni sesikweletu, ekuyi mali yesikweletu semoto ({principal balance}) kanye nenzalo nezinye izimali;7
Vehicle finance agreement terminology;Retention;MC;Kuyini i{{contract balance}} esivumelwaneni sesikweletu semoto ({vehicle finance agreement})?;Imali oyikweletayo ngokuphelele;Imali osayikweletayo kuyi {principal debt};Inzalo esashodayo ngokuphelele;Isikhathi esisasele esivumelwaneni;i{Contract balance} isamba semali osasikweletayo esivumelwaneni sesikweletu, ekuyi mali yesikweletu semoto ({principal balance}) kanye nenzalo nezinye izimali;14
Vehicle finance agreement terminology;Application;T/F;Uma i{{contract balance}} yakho kungu R270,000, akuyona imali osayikweletayo lena;Amanga;Iqiniso;;;i{Contract balance} isamba semali osasikweletayo esivumelwaneni sesikweletu. Uma i{contract balance} yakho kungu R270,000, ileyo imali oyikweletayo;20
Vehicle finance agreement terminology;Application;T/F;Uma i{{contract balance}} yakho kungu R150,000, imali osayikweletayo leyo esikweletini semoto;Iqiniso;Amanga;;;i{Contract balance} isamba semali osasikweletayo esivumelwaneni sesikweletu, ekuyi mali yesikweletu semoto ({principal balance}) kanye nenzalo nezinye izimali;20
Vehicle finance agreement terminology;Seed;MC;Kuyini i{{depreciation}}?;Ukwehla kwenani lemoto ngokuhamba kwesikhathi;Ukunyuka kwenani lemoto ngokuhamba kwesikhathi;Ukunyuka kwamanani ezimoto;Ukushintsha kwenzalo yemoto yakho;i{Depreciation} imangabe inani lemoto yakho lehla ngokuhamba kwesikhathi, okusho ukuthi angeke ukwazi ukuyidayisa leyo moto ngenani oyithenge ngalo;6
Vehicle finance agreement terminology;Retention;MC;Ukwehla kwenani lemoto yakho ngokuhamba kwesikhathi kubizwa ngani?;i{Depreciation};i{Appreciation};i{Inflation};i{Deflation};i{Depreciation} imangabe inani lemoto yakho lehla ngokuhamba kwesikhathi, okusho ukuthi angeke ukwazi ukuyidayisa leyo moto ngenani oyithenge ngalo;13
Vehicle finance agreement terminology;Application;T/F;i{{Depreciation}} ayishintshi inani lemoto yakho uma uyi {trade}-{in}a;Amanga;Iqiniso;;;Angeke ukwazi ukuyidayisa imoto yakho ngenani oyithenge ngalo ngoba yehlelwa yinani ngokuhamba kwesikhathi ({depreciation});19
Vehicle finance agreement terminology;Application;Y/N;Uyakwazi yini ukudayisa imoto ngenani oyithenge ngalo?;Cha;Yebo;;;Angeke ukwazi ukuyidayisa imoto yakho ngenani oyithenge ngalo ngoba yehlelwa yinani ngokuhamba kwesikhathi ({depreciation});19
Vehicle finance agreement terminology;Seed;T/F;Imoto esisebenzile ({second}-{hand}) ayithintwa yi{{depreciation}};Amanga;Iqiniso;;;Imoto esisebenzile ({second}-{hand}) IYEHLA ngenani ngokuhamba kwesikhathi (iya {depreciate}a), kodwa ngesilinganiso ({rate}) esincanyane kunemoto entsha;7
Vehicle finance agreement terminology;Retention;T/F;Izimoto ezintsha kuphela ezithintwa yi {{depreciation}};Amanga;Iqiniso;;;Imoto esisebenzile ({second}-{hand}) IYEHLA ngenani ngokuhamba kwesikhathi (iya {depreciate}a), kodwa ngesilinganiso ({rate}) esincanyane kunemoto entsha;14
Vehicle finance agreement terminology;Application;T/F;Ungayigwema i{{depreciation}} ngokuthenga imoto esisebenzile ({used}}/{{second}}-{{hand});Amanga;Iqiniso;;;Imoto esisebenzile ({second}-{hand}) IYEHLA ngenani ngokuhamba kwesikhathi (iya {{depreciate}}a), kodwa ngesilinganiso ({rate}) esincanyane kunemoto entsha;20
Vehicle finance agreement terminology;Seed;MC-AOTA;Yini engathinta ukwehla kwentengo yemoto ({{depreciation}})?;Zonke ezibaliwe;Imodel ({make}) yemoto;Umonakalo wemoto;Ubudala bemoto;Ezinye izimoto zehla ngokushesha kunezinye, umonakalo ungenza inani lehle kakhulu kanti futhi izimoto ezintsha zehla kakhulu kunezindala;7
Vehicle finance agreement terminology;Retention;T/F;Amanye ama {model} nama {make} ezimoto ehla intengo kakhulu kunamanye;Iqiniso;Amanga;;;Ezinye izimoto zehla ngokushesha kunezinye;14
Vehicle finance agreement terminology;Application;T/F;Uma imoto yakho iba sengozini, intengo yayo angeke isehla;Amanga;Iqiniso;;;Umonakalo ungenza inani lemoto lehle kakhulu;20
Vehicle finance agreement terminology;Seed;MC;Kusho ukuthini ukuba kuma {{arrears}} esikweletini sakho semoto?;Kunemali ongayikhokhile ngokwesivumelwano;Ithole ithikithi emgwaqeni;Uzothathelw i{license};i{Account} yakho ivaliwe;Uma ungakhokhi ngisho nenyanga eyodwa nje, umkweletisi wakho engakufaka kuma {arrears} okuyichashaza egameni lakho, kanti futhi ahamba nenzalo;4
Vehicle finance agreement terminology;Retention;T/F;Ukuba kuma {{arrears}} kusho ukuthi ukhokha imali eningi ngokwephutha;Amanga;Iqiniso;;;Uma ungakhokhi ngisho nenyanga eyodwa nje, umkweletisi wakho engakufaka kuma {arrears} okuyichashaza egameni lakho, kanti futhi ahamba nenzalo;11
Vehicle finance agreement terminology;Application;T/F;Awubi kuma {{arrears}} uma ukhokhe imali {late} ngosuku olulodwa (oluyi 1);Amanga;Iqiniso;;;Uma ukhokha ngisho usuku oluyi 1 {late}, umkweletisi wakho engakufaka kuma {arrears} okuyichashaza egameni lakho, kanti futhi ahamba nenzalo;17
Vehicle finance agreement terminology;Seed;MC;Kuyini inzalo yama {{arrears}} ngokwesikweletu semoto ({vehicle finance})?;Inzalo ebizwa phezulu kwenani lesikweletu;Isilinganiso senzalo yakho ejwayelekile;Inzalo ekumele ibuyiselwe;Inzalo ongadingi ukuyikhokha manje;Uma ukuma {arrears} ({ushoda ngokukhokha kwemali ngokwesivumelwano}), umkweletisi wakho engakushaja inzalo yama {arrears} nezinye izimali zama {admin}({default administration charges});5
Vehicle finance agreement terminology;Retention;T/F;Ibhange lakho alivumelekile ukukushaja inzalo engaphezulu kanye nezimali ze {admin} uma ukuma {{arrears}};Amanga;Iqiniso;;;Uma ukuma {arrears} ({ushoda ngokukhokha kwemali ngokwesivumelwano}), umkweletisi wakho engakushaja inzalo yama {arrears} nezinye izimali zama {admin}({default administration charges});12
Vehicle finance agreement terminology;Application;MC;Uma istatmende sakho sikhombisa ama {{arrears}}, kusho ukuthini?;Inzalo ebizwa kunani lesikweletu;Uzobuyiselwa leyo mali;Ifanele ukukhokhwa hhayi manje;Ithayiselwa ku {balloon payment};Uma ukuma {arrears} ({ushoda ngokukhokha kwemali ngokwesivumelwano}), umkweletisi wakho engakushaja inzalo yama {arrears} nezinye izimali zama {admin}({default administration charges});18
Ending vehicle finance agreements;Seed;Y/N;Uyakwazi yini uku qeda ({settle}/{pay}-{off}) isikweletu semoto kungakapheli isikhathi sesivumelwano ({finance period})?;Yebo;Cha;;;Ngokwenjwayelo, ungasikhokha sonke isikweletu semoto kungakafiki isikhathi sokuqeda isivumelwano kodwa ungakhokhiswa imali yesigwebo ({penalty});4
Ending vehicle finance agreements;Retention;T/F;Uma ukhokhela imali esisele ({{settle}}) esikweletini kungakapheli isikhathi ungakhokha imali yesigwebo ({penalty});Iqiniso;Amanga;;;Ngokwenjwayelo, ungasikhokha sonke isikweletu semoto kungakafiki isikhathi sokuqeda isivumelwano kodwa ungakhokhiswa imali yesigwebo ({penalty});11
Ending vehicle finance agreements;Application;MC;Kwenzekani uma ukhokha yonke imali ({{settle}}) esikweletini semoto kungakapheli isikhathi sesivumelwano sesikweletu?;Kumele ukhokhe imali yesigwebo;Uthola isaphulelo emotweni elandelayo;Kumele uaplayele isikweletu futhi;Awukwazi ukukhokhela isikweletu semoto {early};Ngokwenjwayelo, ungasikhokha sonke isikweletu semoto kungakafiki isikhathi sokuqeda isivumelwano kodwa ungakhokhiswa imali yesigwebo ({penalty});17
Ending vehicle finance agreements;Seed;Y/N;Uma ukhokhela imali esisele esikweletini semoto kungakapheli isikhathi, uyayidinga i{{settlement quote}}?;Yebo;Cha;;;Uma ufuna ukuqeda isikweletu singakapheli isikhathi sesivumelwano ungacela umkweletisi akunike i{quote} ekuyimali okuzomele uyikhokhe. Ingaba nkulu kunenani lemali esele ngoba ungashajwa isigwebo;5
Ending vehicle finance agreements;Retention;MC;Uma ufuna ukhokhela imali esisele esikweletini semoto kungakapheli isikhathi, udinga ukucela ini?;i{Settlement quote};Isitifiketi sentela;i{Invoice};Istatmende se {capital balance};Uma ufuna ukuqeda isikweletu singakapheli isikhathi sesivumelwano ungacela umkweletisi akunike i{quote} ekuyimali okuzomele uyikhokhe. Ingaba nkulu kunenani lemali esele ngoba ungashajwa isigwebo;12
Ending vehicle finance agreements;Application;T/F;i{{Settlement quote}} yakho iyohlale ilingana ne {contract balance} okuyimali osayikweletayo esikweletini;Amanga;Iqiniso;;;Imali ye {settlement} ekuyimali yokuqeda isikweletu ingaba nkulu kunenani lemali esele ngoba ungashajwa isigwebo;18
Ending vehicle finance agreements;Seed;T/F;i{{Break}}-{{even point}} yilapha imoto yakho osayikhokhelayo ibiza imali ecishe ilingane nesikweletu sakho kuyona;Iqiniso;Amanga;;;i{{Break}}-{{even point}} yilapha usukhokhe imali emotweni ukuze inani lemoto yakho lizolingana nemali osayikweletayo emotweni;6
Ending vehicle finance agreements;Retention;MC;Uma imoto yakho icishe ibize imali osayikweletayo kuyo, kubizwa ngani?;i{Break}-{even point};i{Depreciation point};i{Cancellation point};i{Contract balance point};i{{Break}}-{{even point}} yilapha usukhokhe imali emotweni ukuze inani lemoto yakho lizolingana nemali osayikweletayo emotweni;13
Ending vehicle finance agreements;Retention;MC;Kuyini i{{break}}-{{even point}} esivumelwaneni sesikweletu semoto?;La isikweletu sibiza inani lemoto;La imoto ezoba yi {write}-{off} khona;La okhansela khona isivumelwano;La osukhokhe khona uhhafu wesikweletu;i{{Break}}-{{even point}} yilapha usukhokhe imali emotweni ukuze inani lemoto yakho lizolingana nemali osayikweletayo emotweni;13
Ending vehicle finance agreements;Retention;MC;Ingena kuphi i{{break}}-{{even point}} esivumelwaneni sesikweletu semoto?;La isikweletu sibiza inani lemoto;La imoto ezoba yi {write}-{off} khona;La ongasakhoni khona ukuvala isikweletu;La i{contract} ne {capital balance} kulingana;i{{Break}}-{{even point}} yilapha usukhokhe imali emotweni ukuze inani lemoto yakho lizolingana nemali osayikweletayo emotweni;13
Ending vehicle finance agreements;Application;T/F;Uma uthengisa imoto yakho ngaphambili kokulingana nesiwkeletu esisele, ungathola imali yokuqeda isikweletu;Amanga;Iqiniso;;;Uma uthengisa imoto yakho ingakafiki kuyi {break}-{even point}, angeke uthole imali eyanele yokuqeda isikweletu sayo ngoba ukweleta imali eningi kunenani lemoto;19
Ending vehicle finance agreements;Application;T/F;Uma uthengisa imoto yakho ngemuva kokulingana nesikweletu esisele, ungathola imali yokuqeda isikweletu;Iqiniso;Amanga;;;Uma uthengisa imoto yakho seyidlulile i{break}-{even point}, inani layo licishe lilingane nemali osayikweletayo emotweni;19
Ending vehicle finance agreements;Seed;Y/N;Uma uthola imoto engcono, ungavala isivumelwano sesikweletu ungasikhokhele ngokugcwele?;Cha;Yebo;;;Isivumelwano sesikweletu semoto isivumelwano somthetho sokukhokha imali oyikweletayo ngisho ungashintsha umqondo ngesikweletu, ok'shuthi usakweleta ngisho usivala isikweletu;3
Ending vehicle finance agreements;Retention;T/F;Ungasivala isivumelwano sesikweletu semoto ungakaqedi ukukhokhela imoto uma ungasayifuni imoto;Amanga;Iqiniso;;;Isivumelwano sesikweletu semoto isivumelwano somthetho sokukhokha imali oyikweletayo ngisho ungashintsha umqondo ngesikweletu, ok'shuthi usakweleta ngisho usivala isikweletu;10
Ending vehicle finance agreements;Application;T/F;Uma usayina isivumelwano sesikweletu semoto, kumele usikhokhele usiqede kuze uzovala isikweletu semoto, ngisho ungasafuni ukukhokha;Iqiniso;Amanga;;;Isivumelwano sesikweletu semoto isivumelwano somthetho sokukhokha imali oyikweletayo ngisho ungashintsha umqondo ngesikweletu, ok'shuthi usakweleta ngisho usivala isikweletu;17
Ending vehicle finance agreements;Seed;T/F;Uma usakhokhela imoto yakho, ingeyebhange;Iqiniso;Amanga;;;Umkweletisi wakho ubhaliswa njengomnini moto uma ungakaqedi ukukhokhela isikweletu sayo. Uma usuqedile ukukhokha, imoto ingena egameni lakho;4
Ending vehicle finance agreements;Retention;Y/N;Imoto eyakho na uma usayikhokhela?;Cha;Yebo;;;Umkweletisi wakho ubhaliswa njengomnini moto uma ungakaqedi ukukhokhela isikweletu sayo. Uma usuqedile ukukhokha, imoto ingena egameni lakho;11
Ending vehicle finance agreements;Application;T/F;Uma usuqedile ukukhokhela imoto uba ngumninimoto (iba ngeyakho);Iqiniso;Amanga;;;Umkweletisi wakho ubhaliswa njengomnini moto uma ungakaqedi ukukhokhela isikweletu sayo. Uma usuqedile ukukhokha, imoto ingena egameni lakho;17
Ending vehicle finance agreements;Seed;T/F;Uma usuqedile ukukhokhela imoto uba ngumninimoto (iba ngeyakho) ungenzanga lutho wena;Amanga;Iqiniso;;;Kungumsebenzi wakho ukurejista imoto egameni lakho uma usuqedile ukukhokhela isikweletu sayo;5
Ending vehicle finance agreements;Retention;T/F;Kumele urejiste imoto egameni lakho uma usuqedile ukuyikhokhela;Iqiniso;Amanga;;;Kungumsebenzi wakho ukurejista imoto egameni lakho uma usuqedile ukukhokhela isikweletu sayo;12
Ending vehicle finance agreements;Application;T/F;Uma usuqedile ukukhokhela imoto ungacela umkweletisi eyifake egameni lakho;Amanga;Iqiniso;;;Kungumsebenzi wakho ukurejista imoto egameni lakho uma usuqedile ukukhokhela isikweletu sayo;18